공연명,공연장소,공연시작일,공연종료일,위도,경도,주소,이미지,예매링크
［M＆G VIP EXPERIENCE］ 헨리 무디 내한공연,명화라이브홀,2025-07-23,2025-07-23,37.52160138,126.9124751,서울 영등포구 영등포동2가 94-139,http://ticketimage.interpark.com/rz/image/play/goods/poster/25/25006647_p_s.jpg,http://ticket.interpark.com/TIKI/Main/TikiGoodsInfo.asp?GoodsCode=25006647
［Play＆Stay］2025 Asia Top Artist Festival+Hotels,난지한강공원,2025-09-27,2025-09-28,37.56703991,126.8756078,서울 마포구 상암동 495-72,http://ticketimage.interpark.com/rz/image/play/goods/poster/25/25009281_p_s.jpg,http://ticket.interpark.com/TIKI/Main/TikiGoodsInfo.asp?GoodsCode=25009281
［What you left in me］ KANGHYUNWOO debut showcase,스페이스브릭,2025-08-02,2025-08-02,37.55120437,126.9196967,서울 마포구 서교동 395-15,http://ticketimage.interpark.com/rz/image/play/goods/poster/25/25009957_p_s.jpg,http://ticket.interpark.com/TIKI/Main/TikiGoodsInfo.asp?GoodsCode=25009957
〈KAGAMI Live In Seoul〉 카가미 내한공연,서보아트스페이스 보이드홀,2025-08-02,2025-08-02,37.562152,126.915344,서울 마포구 월드컵북로12안길 3,http://ticketimage.interpark.com/rz/image/play/goods/poster/25/25009638_p_s.jpg,http://ticket.interpark.com/TIKI/Main/TikiGoodsInfo.asp?GoodsCode=25009638
2025 10CM 단독공연 〈5.0〉,올림픽공원 핸드볼경기장,2025-08-09,2025-08-10,37.51740003,127.1263142,서울 송파구 방이동 88-2,http://ticketimage.interpark.com/rz/image/play/goods/poster/25/25008553_p_s.jpg,http://ticket.interpark.com/TIKI/Main/TikiGoodsInfo.asp?GoodsCode=25008553
2025 관악아트홀 기획공연 〈김창완밴드 콘서트〉,관악아트홀,2025-08-09,2025-08-09,37.46775513,126.9448337,서울 관악구 신림동 209-1,http://ticketimage.interpark.com/rz/image/play/goods/poster/25/25009521_p_s.jpg,http://ticket.interpark.com/TIKI/Main/TikiGoodsInfo.asp?GoodsCode=25009521
2025 국립창극단 〈송년음악회 - 어질더질〉,국립극장,2025-12-31,2025-12-31,37.55281923,126.99957,서울 중구 장충동2가 산 14-67,http://ticketimage.interpark.com/rz/image/play/goods/poster/25/25009663_p_s.jpg,http://ticket.interpark.com/TIKI/Main/TikiGoodsInfo.asp?GoodsCode=25009663
2025 김창옥 토크콘서트 시즌 5 - 서울,한전아트센터,2025-09-13,2025-09-13,37.48592888,127.0286741,서울 서초구 서초동 1355,http://ticketimage.interpark.com/rz/image/play/goods/poster/25/25009361_p_s.jpg,http://ticket.interpark.com/TIKI/Main/TikiGoodsInfo.asp?GoodsCode=25009361
2025 렛츠락 페스티벌,난지한강공원,2025-09-06,2025-09-07,37.56703991,126.8756078,서울 마포구 상암동 495-72,http://ticketimage.interpark.com/rz/image/play/goods/poster/25/25008415_p_s.jpg,http://ticket.interpark.com/TIKI/Main/TikiGoodsInfo.asp?GoodsCode=25008415
2025 렛츠락 페스티벌 - 블라인드,난지한강공원,2025-09-06,2025-09-07,37.56703991,126.8756078,서울 마포구 상암동 495-72,http://ticketimage.interpark.com/rz/image/play/goods/poster/25/25006820_p_s.jpg,http://ticket.interpark.com/TIKI/Main/TikiGoodsInfo.asp?GoodsCode=25006820
2025 렛츠락 페스티벌 - 얼리버드,난지한강공원,2025-09-06,2025-09-07,37.56703991,126.8756078,서울 마포구 상암동 495-72,http://ticketimage.interpark.com/rz/image/play/goods/poster/25/25007111_p_s.jpg,http://ticket.interpark.com/TIKI/Main/TikiGoodsInfo.asp?GoodsCode=25007111
2025 박강성 전국투어 콘서트 : MY LIFE - 서울,가빈아트홀,2025-08-23,2025-08-23,37.50968425,127.0555342,서울 강남구 삼성동 151-7,http://ticketimage.interpark.com/rz/image/play/goods/poster/25/25009552_p_s.jpg,http://ticket.interpark.com/TIKI/Main/TikiGoodsInfo.asp?GoodsCode=25009552
2025 박관영 X 김시온 FAN MEETING IN SEOUL,홍대 H-STAGE,2025-08-14,2025-08-14,37.55308872,126.924346,서울 마포구 서교동 344-12,http://ticketimage.interpark.com/rz/image/play/goods/poster/25/25010206_p_s.jpg,http://ticket.interpark.com/TIKI/Main/TikiGoodsInfo.asp?GoodsCode=25010206
2025 변진섭 전국투어 콘서트 : 변천사 시즌2 여름휴가 - 서울,가빈아트홀,2025-08-23,2025-08-23,37.50968425,127.0555342,서울 강남구 삼성동 151-7,http://ticketimage.interpark.com/rz/image/play/goods/poster/25/25009650_p_s.jpg,http://ticket.interpark.com/TIKI/Main/TikiGoodsInfo.asp?GoodsCode=25009650
2025 서울국제블루스페스티벌,노들섬 라이브하우스,2025-10-26,2025-10-26,37.51811975,126.9583277,서울 용산구 이촌동 302-146,http://ticketimage.interpark.com/rz/image/play/goods/poster/25/25009955_p_s.jpg,http://ticket.interpark.com/TIKI/Main/TikiGoodsInfo.asp?GoodsCode=25009955
2025 손태진 단독 팬미팅 〈You Are My SonShine〉,예스24 라이브홀,2025-08-02,2025-08-03,37.54573487,127.1079715,서울 광진구 광장동 319-33,http://ticketimage.interpark.com/rz/image/play/goods/poster/25/25008830_p_s.jpg,http://ticket.interpark.com/TIKI/Main/TikiGoodsInfo.asp?GoodsCode=25008830
2025 양세형＆양세찬 〈양세브로쇼〉,블루스퀘어 SOL트래블홀,2025-08-09,2025-08-10,37.54061157,127.0026398,서울 용산구 한남동 727-56,http://ticketimage.interpark.com/rz/image/play/goods/poster/25/25008334_p_s.jpg,http://ticket.interpark.com/TIKI/Main/TikiGoodsInfo.asp?GoodsCode=25008334
"2025 영탁 단독 콘서트 ""TAK SHOW4""",잠실 실내체육관,2025-08-08,2025-08-10,37.51617902,127.0759821,서울 송파구 잠실동 10,http://ticketimage.interpark.com/rz/image/play/goods/poster/25/25008721_p_s.jpg,http://ticket.interpark.com/TIKI/Main/TikiGoodsInfo.asp?GoodsCode=25008721
2025 유채훈 크로스오버 콘서트〈IL MONDO〉,코엑스아티움,2025-09-06,2025-09-07,37.50994347,127.0615459,서울 강남구 삼성동 159-9,http://ticketimage.interpark.com/rz/image/play/goods/poster/25/25010301_p_s.jpg,http://ticket.interpark.com/TIKI/Main/TikiGoodsInfo.asp?GoodsCode=25010301
2025 이상이 팬미팅 〈이상입니다〉,신한카드 SOL페이 스퀘어 라이브홀,2025-08-09,2025-08-09,37.55112586,126.9143961,서울 마포구 서교동 490,http://ticketimage.interpark.com/rz/image/play/goods/poster/25/25009824_p_s.jpg,http://ticket.interpark.com/TIKI/Main/TikiGoodsInfo.asp?GoodsCode=25009824
2025 정동하 팬미팅,무신사 개러지,2025-07-26,2025-07-26,37.5515747,126.919728,서울 마포구 서교동 368-22,http://ticketimage.interpark.com/rz/image/play/goods/poster/25/25009135_p_s.jpg,http://ticket.interpark.com/TIKI/Main/TikiGoodsInfo.asp?GoodsCode=25009135
2025 정세운 소극장 콘서트 〈Bittersweet〉 ENCORE,명화라이브홀,2025-08-02,2025-08-02,37.52160138,126.9124751,서울 영등포구 영등포동2가 94-139,http://ticketimage.interpark.com/rz/image/play/goods/poster/25/25008963_p_s.jpg,http://ticket.interpark.com/TIKI/Main/TikiGoodsInfo.asp?GoodsCode=25008963
2025 진욱 콘서트 〈진심〉,신한카드 SOL페이 스퀘어 라이브홀,2025-07-26,2025-07-26,37.55112586,126.9143961,서울 마포구 서교동 490,http://ticketimage.interpark.com/rz/image/play/goods/poster/25/25008817_p_s.jpg,http://ticket.interpark.com/TIKI/Main/TikiGoodsInfo.asp?GoodsCode=25008817
2025 짙은 콘서트 〈소년의 여름〉 - 서울,구름아래소극장,2025-08-02,2025-08-02,37.55419236,126.9285526,서울 마포구 서교동 337-11,http://ticketimage.interpark.com/rz/image/play/goods/poster/25/25007453_p_s.jpg,http://ticket.interpark.com/TIKI/Main/TikiGoodsInfo.asp?GoodsCode=25007453
"2025 카즈미 타테이시 트리오 내한공연-지브리, 재즈를 만나다 - 서울",용산아트홀 대극장 미르,2025-12-13,2025-12-13,37.53284548,126.9903108,서울 용산구 이태원동 34-87,http://ticketimage.interpark.com/rz/image/play/goods/poster/25/25009778_p_s.jpg,http://ticket.interpark.com/TIKI/Main/TikiGoodsInfo.asp?GoodsCode=25009778
2025 힉엣눙크! 뮤직 페스티벌 - Pre-concert Lecture T. S. 엘리엇 ＆ 베토벤 〈철학적 탐구〉,소전서림,2025-08-29,2025-08-29,37.52362794,127.0560513,서울 강남구 청담동 131-8,http://ticketimage.interpark.com/rz/image/play/goods/poster/25/25009420_p_s.jpg,http://ticket.interpark.com/TIKI/Main/TikiGoodsInfo.asp?GoodsCode=25009420
2025 AKMU STANDING CONCERT ［악동들］,명화라이브홀,2025-08-08,2025-08-24,37.52160138,126.9124751,서울 영등포구 영등포동2가 94-139,http://ticketimage.interpark.com/rz/image/play/goods/poster/25/25009340_p_s.jpg,http://ticket.interpark.com/TIKI/Main/TikiGoodsInfo.asp?GoodsCode=25009340
2025 Asia Top Artist Festival,난지한강공원,2025-09-27,2025-09-28,37.56703991,126.8756078,서울 마포구 상암동 495-72,http://ticketimage.interpark.com/rz/image/play/goods/poster/25/25008170_p_s.jpg,http://ticket.interpark.com/TIKI/Main/TikiGoodsInfo.asp?GoodsCode=25008170
"2025 FTISLAND LIVE ""MAD HAPPY""",블루스퀘어 SOL트래블홀,2025-08-23,2025-08-24,37.54061157,127.0026398,서울 용산구 한남동 727-56,http://ticketimage.interpark.com/rz/image/play/goods/poster/25/25009026_p_s.jpg,http://ticket.interpark.com/TIKI/Main/TikiGoodsInfo.asp?GoodsCode=25009026
2025 KANGDANIEL CONCERT ［ACT : NEW EPISODE］,올림픽공원 올림픽홀,2025-08-09,2025-08-10,37.51474166,127.1275325,서울 송파구 방이동 88,http://ticketimage.interpark.com/rz/image/play/goods/poster/25/25008954_p_s.jpg,http://ticket.interpark.com/TIKI/Main/TikiGoodsInfo.asp?GoodsCode=25008954
2025 PLAVE Asia Tour ［DASH: Quantum Leap］ in Seoul,KSPO DOME,2025-08-15,2025-08-17,37.51926123,127.1273999,서울 송파구 방이동 88,http://ticketimage.interpark.com/rz/image/play/goods/poster/25/25007798_p_s.jpg,http://ticket.interpark.com/TIKI/Main/TikiGoodsInfo.asp?GoodsCode=25007798
2025 RESCENE 1st FAN-CON［Project 326］,성신여대 운정그린캠퍼스 대강당,2025-08-09,2025-08-09,37.63195201,127.027271,서울 강북구 미아동 147,http://ticketimage.interpark.com/rz/image/play/goods/poster/25/25010172_p_s.jpg,http://ticket.interpark.com/TIKI/Main/TikiGoodsInfo.asp?GoodsCode=25010172
2025 WINNER CONCERT ［IN OUR CIRCLE］,올림픽공원 올림픽홀,2025-07-25,2025-07-27,37.51474166,127.1275325,서울 송파구 방이동 88,http://ticketimage.interpark.com/rz/image/play/goods/poster/25/25006575_p_s.jpg,http://ticket.interpark.com/TIKI/Main/TikiGoodsInfo.asp?GoodsCode=25006575
2025 YOON SAN-HA FANCON［PRISM : from Y to A］in Seoul,블루스퀘어 SOL트래블홀,2025-08-01,2025-08-02,37.54061157,127.0026398,서울 용산구 한남동 727-56,http://ticketimage.interpark.com/rz/image/play/goods/poster/25/25009246_p_s.jpg,http://ticket.interpark.com/TIKI/Main/TikiGoodsInfo.asp?GoodsCode=25009246
7 ROCK PRIME 2025,잠실 실내체육관,2025-08-15,2025-08-16,37.51617902,127.0759821,서울 송파구 잠실동 10,http://ticketimage.interpark.com/rz/image/play/goods/poster/25/25009031_p_s.jpg,http://ticket.interpark.com/TIKI/Main/TikiGoodsInfo.asp?GoodsCode=25009031
78LIVE - 90 project,엠피엠지 2층 LOUNGE M.,2025-07-31,2025-07-31,37.54934,126.93214,서울 마포구 서강로 78,http://ticketimage.interpark.com/rz/image/play/goods/poster/25/25010260_p_s.jpg,http://ticket.interpark.com/TIKI/Main/TikiGoodsInfo.asp?GoodsCode=25010260
8도9룹 〈팔도민요대전〉,국립극장,2025-07-26,2025-07-26,37.55281923,126.99957,서울 중구 장충동2가 산 14-67,http://ticketimage.interpark.com/rz/image/play/goods/poster/25/25006875_p_s.jpg,http://ticket.interpark.com/TIKI/Main/TikiGoodsInfo.asp?GoodsCode=25006875
고상지 콰르텟 ＇Tango in Adventure＇,거암아트홀,2025-07-25,2025-07-25,37.5195095,127.0191081,서울 강남구 신사동 504-11,http://ticketimage.interpark.com/rz/image/play/goods/poster/25/25007352_p_s.jpg,http://ticket.interpark.com/TIKI/Main/TikiGoodsInfo.asp?GoodsCode=25007352
광복80주년기념 합창극 아무개의 나라,소태산홀,2025-08-09,2025-08-09,37.50976025,126.9638519,서울 동작구 흑석동 1-3,http://ticketimage.interpark.com/rz/image/play/goods/poster/25/25009923_p_s.jpg,http://ticket.interpark.com/TIKI/Main/TikiGoodsInfo.asp?GoodsCode=25009923
그랜드 민트 페스티벌 2025,올림픽공원,2025-10-18,2025-10-19,37.52053406,127.1208128,서울 송파구 방이동 88-3,http://ticketimage.interpark.com/rz/image/play/goods/poster/25/25010143_p_s.jpg,http://ticket.interpark.com/TIKI/Main/TikiGoodsInfo.asp?GoodsCode=25010143
길오페라 인문학 강좌 〈오페라三國志〉,예술가의 집 (라운지 홀),2025-07-03,2025-07-24,37.580301,127.003005,서울 종로구 동숭길 3,http://ticketimage.interpark.com/rz/image/play/goods/poster/25/25008547_p_s.jpg,http://ticket.interpark.com/TIKI/Main/TikiGoodsInfo.asp?GoodsCode=25008547
김아름 여름 단독 콘서트 〈AQUA CITY〉,구름아래소극장,2025-08-09,2025-08-10,37.55419236,126.9285526,서울 마포구 서교동 337-11,http://ticketimage.interpark.com/rz/image/play/goods/poster/25/25009751_p_s.jpg,http://ticket.interpark.com/TIKI/Main/TikiGoodsInfo.asp?GoodsCode=25009751
"김태연 단독 콘서트 - 설레임, 그 여름",성신여대 운정그린캠퍼스 대강당,2025-08-02,2025-08-02,37.63195201,127.027271,서울 강북구 미아동 147,http://ticketimage.interpark.com/rz/image/play/goods/poster/25/25009133_p_s.jpg,http://ticket.interpark.com/TIKI/Main/TikiGoodsInfo.asp?GoodsCode=25009133
"너드커넥션 SUMMER LIVE, PULSE",무신사 개러지,2025-08-15,2025-08-15,37.5515747,126.919728,서울 마포구 서교동 368-22,http://ticketimage.interpark.com/rz/image/play/goods/poster/25/25008903_p_s.jpg,http://ticket.interpark.com/TIKI/Main/TikiGoodsInfo.asp?GoodsCode=25008903
노들인디션 VOL.4 극동아시아타이거즈 단독공연,노들섬 라이브하우스,2025-07-30,2025-07-30,37.51811975,126.9583277,서울 용산구 이촌동 302-146,http://ticketimage.interpark.com/rz/image/play/goods/poster/25/25009791_p_s.jpg,http://ticket.interpark.com/TIKI/Main/TikiGoodsInfo.asp?GoodsCode=25009791
더 로즈(The Rose) Once Upon A WRLD Tour in Seoul,블루스퀘어 SOL트래블홀,2025-08-30,2025-08-30,37.54061157,127.0026398,서울 용산구 한남동 727-56,http://ticketimage.interpark.com/rz/image/play/goods/poster/25/25009724_p_s.jpg,http://ticket.interpark.com/TIKI/Main/TikiGoodsInfo.asp?GoodsCode=25009724
"들국화, 전인권 40주년 콘서트",연세대학교 대강당,2025-09-20,2025-09-21,37.564491,126.938929,서울 서대문구 연세로 50 백주년기념관 2층,http://ticketimage.interpark.com/rz/image/play/goods/poster/25/25010002_p_s.jpg,http://ticket.interpark.com/TIKI/Main/TikiGoodsInfo.asp?GoodsCode=25010002
루 피아노 2nd Concert 너에게 루 가는 길,푸르지오 아트홀,2025-08-02,2025-08-02,37.56613954,126.9973287,서울 중구 을지로4가 323,http://ticketimage.interpark.com/rz/image/play/goods/poster/25/25009326_p_s.jpg,http://ticket.interpark.com/TIKI/Main/TikiGoodsInfo.asp?GoodsCode=25009326
루이스 내쉬와 친구들,푸르지오 아트홀,2025-07-25,2025-07-27,37.56613954,126.9973287,서울 중구 을지로4가 323,http://ticketimage.interpark.com/rz/image/play/goods/poster/25/25009324_p_s.jpg,http://ticket.interpark.com/TIKI/Main/TikiGoodsInfo.asp?GoodsCode=25009324
류수정 미니앨범 발매 기념 콘서트 〈STILL DRIVING〉,홍대 롤링홀,2025-08-01,2025-08-01,37.54852151,126.9201613,서울 마포구 서교동 402-22,http://ticketimage.interpark.com/rz/image/play/goods/poster/25/25010087_p_s.jpg,http://ticket.interpark.com/TIKI/Main/TikiGoodsInfo.asp?GoodsCode=25010087
모던테이블 x 경기소리프로젝트그룹 나비〈접점(ENCOUNTER)〉,국립극장,2025-07-24,2025-07-25,37.55281923,126.99957,서울 중구 장충동2가 산 14-67,http://ticketimage.interpark.com/rz/image/play/goods/poster/25/25007199_p_s.jpg,http://ticket.interpark.com/TIKI/Main/TikiGoodsInfo.asp?GoodsCode=25007199
뮤 내한공연 (MEW The Farewell Shows),노들섬 라이브하우스,2025-11-26,2025-11-26,37.51811975,126.9583277,서울 용산구 이촌동 302-146,http://ticketimage.interpark.com/rz/image/play/goods/poster/25/25009793_p_s.jpg,http://ticket.interpark.com/TIKI/Main/TikiGoodsInfo.asp?GoodsCode=25009793
뮤지컬 배우 이승현 콘서트 〈2025 SHank you〉 - We will SHank you,구름아래소극장,2025-07-26,2025-07-27,37.55419236,126.9285526,서울 마포구 서교동 337-11,http://ticketimage.interpark.com/rz/image/play/goods/poster/25/25008102_p_s.jpg,http://ticket.interpark.com/TIKI/Main/TikiGoodsInfo.asp?GoodsCode=25008102
"뮤지컬 집들이 콘서트 ＃44. 혜화동, 거리에서",동덕여자대학교 공연예술센터 코튼홀,2025-07-21,2025-07-21,37.583919,127.002958,서울 종로구 동숭길 134,http://ticketimage.interpark.com/rz/image/play/goods/poster/25/25009849_p_s.jpg,https://tickets.interpark.com/goods/25009849
박강수 서울공연 8월,베짱이홀,2025-08-03,2025-08-03,37.54847918,126.9215284,서울 마포구 상수동 313-3,http://ticketimage.interpark.com/rz/image/play/goods/poster/25/25010279_p_s.jpg,http://ticket.interpark.com/TIKI/Main/TikiGoodsInfo.asp?GoodsCode=25010279
박성현콘서트,구름아래소극장,2025-08-30,2025-08-30,37.55419236,126.9285526,서울 마포구 서교동 337-11,http://ticketimage.interpark.com/rz/image/play/goods/poster/25/25008725_p_s.jpg,http://ticket.interpark.com/TIKI/Main/TikiGoodsInfo.asp?GoodsCode=25008725
밴드 설유진 콘서트 VOL.25,스페이스브릭,2025-09-13,2025-09-13,37.55120437,126.9196967,서울 마포구 서교동 395-15,http://ticketimage.interpark.com/rz/image/play/goods/poster/25/25009862_p_s.jpg,http://ticket.interpark.com/TIKI/Main/TikiGoodsInfo.asp?GoodsCode=25009862
"벌트vurt., 업체eobchae on Sync Next 25",세종문화회관 S씨어터,2025-09-05,2025-09-06,37.5727755,126.9751595,서울 종로구 세종로 81-7,http://ticketimage.interpark.com/rz/image/play/goods/poster/P0/P0004250_p_s.jpg,http://ticket.interpark.com/TIKI/Main/TikiGoodsInfo.asp?GoodsCode=P0004250
삼익 뮤직 페스타 SMMF,삼익악기빌딩,2025-09-12,2025-09-13,37.51404727,127.0295491,서울 강남구 논현동 58-3,http://ticketimage.interpark.com/rz/image/play/goods/poster/25/25010171_p_s.jpg,http://ticket.interpark.com/TIKI/Main/TikiGoodsInfo.asp?GoodsCode=25010171
서울숲재즈페스티벌 2025,서울숲,2025-09-19,2025-09-21,37.54432223,127.0376178,서울 성동구 성수동1가 678-1,http://ticketimage.interpark.com/rz/image/play/goods/poster/25/25008574_p_s.jpg,http://ticket.interpark.com/TIKI/Main/TikiGoodsInfo.asp?GoodsCode=25008574
스탠드업 코미디 밍글쇼,쇼,2025-07-21,2025-07-31,37.509715,127.043615,서울 강남구 선릉로 575,http://ticketimage.interpark.com/rz/image/play/goods/poster/25/25010288_p_s.jpg,http://ticket.interpark.com/TIKI/Main/TikiGoodsInfo.asp?GoodsCode=25010288
스탠드업 코미디 빅쇼,브리티쉬 펍,2025-07-07,2025-07-25,37.5347341,126.9919986,서울 용산구 이태원동 118-23,http://ticketimage.interpark.com/rz/image/play/goods/poster/25/25009510_p_s.jpg,http://ticket.interpark.com/TIKI/Main/TikiGoodsInfo.asp?GoodsCode=25009510
양양첫번째단독콘서트 with 마블러스뮤직,스페이스브릭,2025-07-26,2025-07-26,37.55120437,126.9196967,서울 마포구 서교동 395-15,http://ticketimage.interpark.com/rz/image/play/goods/poster/25/25010346_p_s.jpg,http://ticket.interpark.com/TIKI/Main/TikiGoodsInfo.asp?GoodsCode=25010346
"여운 ; 스며들어, 네 곁에 머무는 노래",로데아트센터 콘서트홀,2025-08-30,2025-08-30,37.48312257,127.0103228,서울 서초구 서초동 1485-11,http://ticketimage.interpark.com/rz/image/play/goods/poster/25/25009477_p_s.jpg,http://ticket.interpark.com/TIKI/Main/TikiGoodsInfo.asp?GoodsCode=25009477
영등포아트홀 기획공연 ［마티네콘서트〈낮을 그리는 클래식〉 #3.파블로 피카소］,영등포아트홀,2025-08-21,2025-08-21,37.5262029,126.9001183,서울 영등포구 당산동3가 3,http://ticketimage.interpark.com/rz/image/play/goods/poster/25/25002739_p_s.jpg,http://ticket.interpark.com/TIKI/Main/TikiGoodsInfo.asp?GoodsCode=25002739
영등포아트홀 기획공연 ［브로콜리너마저］,영등포아트홀,2025-09-26,2025-09-26,37.5262029,126.9001183,서울 영등포구 당산동3가 3,http://ticketimage.interpark.com/rz/image/play/goods/poster/25/25006184_p_s.jpg,http://ticket.interpark.com/TIKI/Main/TikiGoodsInfo.asp?GoodsCode=25006184
예지(YAEJI) 내한공연,블루스퀘어 SOL트래블홀,2025-08-25,2025-08-25,37.54061157,127.0026398,서울 용산구 한남동 727-56,http://ticketimage.interpark.com/rz/image/play/goods/poster/25/25009837_p_s.jpg,http://ticket.interpark.com/TIKI/Main/TikiGoodsInfo.asp?GoodsCode=25009837
오담률 단독콘서트 ＇팡팡 노래방＇,리엠아트센터,2025-07-26,2025-07-26,37.50796592,127.02361,서울 강남구 논현동 164-14,http://ticketimage.interpark.com/rz/image/play/goods/poster/25/25009784_p_s.jpg,http://ticket.interpark.com/TIKI/Main/TikiGoodsInfo.asp?GoodsCode=25009784
이은결 BEYOND MAGIC,소태산홀,2025-08-07,2025-08-07,37.50976025,126.9638519,서울 동작구 흑석동 1-3,http://ticketimage.interpark.com/rz/image/play/goods/poster/25/25010342_p_s.jpg,http://ticket.interpark.com/TIKI/Main/TikiGoodsInfo.asp?GoodsCode=25010342
이짜나 언짜나의 ［불면증 파티］,스페이스브릭,2025-08-16,2025-08-16,37.55120437,126.9196967,서울 마포구 서교동 395-15,http://ticketimage.interpark.com/rz/image/play/goods/poster/25/25009948_p_s.jpg,http://ticket.interpark.com/TIKI/Main/TikiGoodsInfo.asp?GoodsCode=25009948
임세모 단독 공연〈이게 사람 사는 날씨냐〉- 서울,벨로주 홍대,2025-07-27,2025-07-27,37.55243093,126.9188172,서울 마포구 서교동 372-6,http://ticketimage.interpark.com/rz/image/play/goods/poster/25/25008266_p_s.jpg,http://ticket.interpark.com/TIKI/Main/TikiGoodsInfo.asp?GoodsCode=25008266
자하리 스탬플리 첫 내한공연,서보미술문화공간 서울,2025-08-16,2025-08-16,37.56206823,126.9153117,서울 마포구 성산동 114-7,http://ticketimage.interpark.com/rz/image/play/goods/poster/25/25009238_p_s.jpg,http://ticket.interpark.com/TIKI/Main/TikiGoodsInfo.asp?GoodsCode=25009238
제이크 밀러 첫 단독 내한공연 JAKE MILLER BALANCE TOUR 2025,무신사 개러지,2025-09-27,2025-09-27,37.5515747,126.919728,서울 마포구 서교동 368-22,http://ticketimage.interpark.com/rz/image/play/goods/poster/25/25009244_p_s.jpg,http://ticket.interpark.com/TIKI/Main/TikiGoodsInfo.asp?GoodsCode=25009244
제이통 on Sync Next 25,세종문화회관 S씨어터,2025-08-08,2025-08-09,37.5727755,126.9751595,서울 종로구 세종로 81-7,http://ticketimage.interpark.com/rz/image/play/goods/poster/P0/P0004238_p_s.jpg,http://ticket.interpark.com/TIKI/Main/TikiGoodsInfo.asp?GoodsCode=P0004238
조하린 서현석의 뮤지컬 갈라 콘서트 〈어쩌다 보니〉,언더노트,2025-08-02,2025-08-02,37.571698,126.976399,서울 종로구 세종대로 169,http://ticketimage.interpark.com/rz/image/play/goods/poster/25/25009944_p_s.jpg,http://ticket.interpark.com/TIKI/Main/TikiGoodsInfo.asp?GoodsCode=25009944
"지니 팬 콘서트 ""HELLO AGAIN""",동덕여대 백주년기념관,2025-08-30,2025-08-30,37.60565365,127.0408876,서울 성북구 하월곡동 24-5,http://ticketimage.interpark.com/rz/image/play/goods/poster/25/25009522_p_s.jpg,http://ticket.interpark.com/TIKI/Main/TikiGoodsInfo.asp?GoodsCode=25009522
챤미나 내한 공연 〈CHANMINA AREA OF DIAMOND3〉,무신사 개러지,2025-09-18,2025-09-18,37.5515747,126.919728,서울 마포구 서교동 368-22,http://ticketimage.interpark.com/rz/image/play/goods/poster/25/25008600_p_s.jpg,http://ticket.interpark.com/TIKI/Main/TikiGoodsInfo.asp?GoodsCode=25008600
티나셰 내한공연,블루스퀘어 SOL트래블홀,2025-08-26,2025-08-26,37.54061157,127.0026398,서울 용산구 한남동 727-56,http://ticketimage.interpark.com/rz/image/play/goods/poster/25/25006758_p_s.jpg,http://ticket.interpark.com/TIKI/Main/TikiGoodsInfo.asp?GoodsCode=25006758
페이 웹스터 내한공연 (Faye Webster LIVE IN SEOUL 2025),무신사 개러지,2025-07-23,2025-07-23,37.5515747,126.919728,서울 마포구 서교동 368-22,http://ticketimage.interpark.com/rz/image/play/goods/poster/25/25004829_p_s.jpg,http://ticket.interpark.com/TIKI/Main/TikiGoodsInfo.asp?GoodsCode=25004829
프레드 허쉬 솔로 피아노 2025,영산아트홀,2025-08-14,2025-08-14,37.52947391,126.9249468,서울 영등포구 여의도동 12,http://ticketimage.interpark.com/rz/image/play/goods/poster/25/25009178_p_s.jpg,http://ticket.interpark.com/TIKI/Main/TikiGoodsInfo.asp?GoodsCode=25009178
핫 밀크 첫 내한공연 Hot Milk Loud ＆ Fast Tour Live in Seoul,롤링홀,2025-08-13,2025-08-13,37.54852151,126.9201613,서울 마포구 서교동 402-22,http://ticketimage.interpark.com/rz/image/play/goods/poster/25/25008658_p_s.jpg,http://ticket.interpark.com/TIKI/Main/TikiGoodsInfo.asp?GoodsCode=25008658
헨리 무디 내한공연,명화라이브홀,2025-07-23,2025-07-23,37.52160138,126.9124751,서울 영등포구 영등포동2가 94-139,http://ticketimage.interpark.com/rz/image/play/goods/poster/25/25006646_p_s.jpg,http://ticket.interpark.com/TIKI/Main/TikiGoodsInfo.asp?GoodsCode=25006646
현대음악앙상블 소리 제25회 정기연주회 Histoire du Jazz - 재즈의 역사,세종문화회관 체임버홀,2025-08-01,2025-08-01,37.57206924,126.9757484,서울 종로구 세종로 81-3,http://ticketimage.interpark.com/rz/image/play/goods/poster/P0/P0004316_p_s.jpg,http://ticket.interpark.com/TIKI/Main/TikiGoodsInfo.asp?GoodsCode=P0004316
혜은이 썸머파티,서울 대학로 한성아트홀 1관,2025-07-19,2025-08-17,37.58375582,126.9999592,서울 종로구 명륜2가 41-4,http://ticketimage.interpark.com/rz/image/play/goods/poster/25/25006721_p_s.jpg,http://ticket.interpark.com/TIKI/Main/TikiGoodsInfo.asp?GoodsCode=25006721
홍경민 매달리스트 콘서트,SA HALL,2025-08-02,2025-08-02,37.58317015,127.0022756,서울 종로구 동숭동 1-36,http://ticketimage.interpark.com/rz/image/play/goods/poster/25/25009867_p_s.jpg,http://ticket.interpark.com/TIKI/Main/TikiGoodsInfo.asp?GoodsCode=25009867
bbno$(베이비 노 머니) 첫 내한공연,무신사 개러지,2025-11-16,2025-11-16,37.5515747,126.919728,서울 마포구 서교동 368-22,http://ticketimage.interpark.com/rz/image/play/goods/poster/25/25009329_p_s.jpg,http://ticket.interpark.com/TIKI/Main/TikiGoodsInfo.asp?GoodsCode=25009329
"BOYNEXTDOOR TOUR ""KNOCK ON Vol.1"" FINAL",KSPO DOME,2025-07-25,2025-07-27,37.51926123,127.1273999,서울 송파구 방이동 88,http://ticketimage.interpark.com/rz/image/play/goods/poster/25/25006286_p_s.jpg,http://ticket.interpark.com/TIKI/Main/TikiGoodsInfo.asp?GoodsCode=25006286
CHRISTIAN KURIA LIVE IN SEOUL,스카이아트홀,2025-11-02,2025-11-02,37.5579769,126.8493986,서울 강서구 등촌동 659,http://ticketimage.interpark.com/rz/image/play/goods/poster/25/25009728_p_s.jpg,http://ticket.interpark.com/TIKI/Main/TikiGoodsInfo.asp?GoodsCode=25009728
"Daoko THE ""YOU"" ZIZAI ASIA TOUR 2025 in Seoul",스페이스브릭,2025-09-20,2025-09-20,37.55120437,126.9196967,서울 마포구 서교동 395-15,http://ticketimage.interpark.com/rz/image/play/goods/poster/25/25010418_p_s.jpg,http://ticket.interpark.com/TIKI/Main/TikiGoodsInfo.asp?GoodsCode=25010418
Dear. August (D82 단독콘서트),스페이스브릭,2025-08-23,2025-08-23,37.55120437,126.9196967,서울 마포구 서교동 395-15,http://ticketimage.interpark.com/rz/image/play/goods/poster/25/25010369_p_s.jpg,http://ticket.interpark.com/TIKI/Main/TikiGoodsInfo.asp?GoodsCode=25010369
DEPAPEKO 내한공연,스카이아트홀,2025-08-08,2025-08-08,37.5579769,126.8493986,서울 강서구 등촌동 659,http://ticketimage.interpark.com/rz/image/play/goods/poster/25/25007840_p_s.jpg,http://ticket.interpark.com/TIKI/Main/TikiGoodsInfo.asp?GoodsCode=25007840
Elijah Woods: Give Me The Sunlight in Seoul,무신사 개러지,2025-08-14,2025-08-14,37.5515747,126.919728,서울 마포구 서교동 368-22,http://ticketimage.interpark.com/rz/image/play/goods/poster/25/25001900_p_s.jpg,http://ticket.interpark.com/TIKI/Main/TikiGoodsInfo.asp?GoodsCode=25001900
Flight: 원위 (ONEWE) 편 - 서울,신한카드 SOL페이 스퀘어 라이브홀,2025-08-30,2025-08-31,37.55112586,126.9143961,서울 마포구 서교동 490,http://ticketimage.interpark.com/rz/image/play/goods/poster/25/25009929_p_s.jpg,http://ticket.interpark.com/TIKI/Main/TikiGoodsInfo.asp?GoodsCode=25009929
Gen Hoshino presents MAD HOPE Asia Tour in SEOUL,올림픽공원 올림픽홀,2025-09-13,2025-09-14,37.51474166,127.1275325,서울 송파구 방이동 88,http://ticketimage.interpark.com/rz/image/play/goods/poster/25/25008238_p_s.jpg,http://ticket.interpark.com/TIKI/Main/TikiGoodsInfo.asp?GoodsCode=25008238
HIGH ACE TOUR 2025 FINAL!! in KOREA,홍대 BENDER,2025-08-09,2025-08-09,37.55006164,126.9233724,서울 마포구 상수동 86-35,http://ticketimage.interpark.com/rz/image/play/goods/poster/25/25007430_p_s.jpg,http://ticket.interpark.com/TIKI/Main/TikiGoodsInfo.asp?GoodsCode=25007430
KOKOON SHOW,K-POP STAGE,2025-07-12,2025-07-31,37.55221352,126.92244,서울 마포구 서교동 364-31,http://ticketimage.interpark.com/rz/image/play/goods/poster/25/25009500_p_s.jpg,http://ticket.interpark.com/TIKI/Main/TikiGoodsInfo.asp?GoodsCode=25009500
Minami Earthtication2025 in Seoul,예스24 라이브홀,2025-09-12,2025-09-12,37.54573487,127.1079715,서울 광진구 광장동 319-33,http://ticketimage.interpark.com/rz/image/play/goods/poster/25/25008862_p_s.jpg,http://ticket.interpark.com/TIKI/Main/TikiGoodsInfo.asp?GoodsCode=25008862
MOEUN 내한 공연 - 서울,푸르지오 아트홀,2025-08-22,2025-08-22,37.56613954,126.9973287,서울 중구 을지로4가 323,http://ticketimage.interpark.com/rz/image/play/goods/poster/25/25008169_p_s.jpg,http://ticket.interpark.com/TIKI/Main/TikiGoodsInfo.asp?GoodsCode=25008169
MY LINH 내한공연,명화라이브홀,2025-10-11,2025-10-11,37.52160138,126.9124751,서울 영등포구 영등포동2가 94-139,http://ticketimage.interpark.com/rz/image/play/goods/poster/25/25009653_p_s.jpg,http://ticket.interpark.com/TIKI/Main/TikiGoodsInfo.asp?GoodsCode=25009653
OSUN FIRST CONCERT 〈LAST TEENAGE SUMMER〉,무신사 개러지,2025-07-27,2025-07-27,37.5515747,126.919728,서울 마포구 서교동 368-22,http://ticketimage.interpark.com/rz/image/play/goods/poster/25/25009390_p_s.jpg,http://ticket.interpark.com/TIKI/Main/TikiGoodsInfo.asp?GoodsCode=25009390
PARK BO GUM 2025 FAN MEETING TOUR ［BE WITH YOU］ IN SEOUL,장충체육관,2025-08-01,2025-08-02,37.55817817,127.0068088,서울 중구 장충동2가 200-102,http://ticketimage.interpark.com/rz/image/play/goods/poster/25/25008585_p_s.jpg,http://ticket.interpark.com/TIKI/Main/TikiGoodsInfo.asp?GoodsCode=25008585
PEAKBOX 2025 : 사랑,무신사 개러지,2025-08-23,2025-08-23,37.5515747,126.919728,서울 마포구 서교동 368-22,http://ticketimage.interpark.com/rz/image/play/goods/poster/25/25010465_p_s.jpg,http://ticket.interpark.com/TIKI/Main/TikiGoodsInfo.asp?GoodsCode=25010465
PEAKBOX 2025 : 청춘,무신사 개러지,2025-08-24,2025-08-24,37.5515747,126.919728,서울 마포구 서교동 368-22,http://ticketimage.interpark.com/rz/image/play/goods/poster/25/25010343_p_s.jpg,http://ticket.interpark.com/TIKI/Main/TikiGoodsInfo.asp?GoodsCode=25010343
RETRO MUSIC CONCERT 〈최재훈x플라워〉 ＃1 서울,연세대학교 대강당,2025-08-09,2025-08-09,37.564491,126.938929,서울 서대문구 연세로 50 백주년기념관 2층,http://ticketimage.interpark.com/rz/image/play/goods/poster/25/25008322_p_s.jpg,http://ticket.interpark.com/TIKI/Main/TikiGoodsInfo.asp?GoodsCode=25008322
TAEYANG 2025 FAN MEETING［01］IN SEOUL,블루스퀘어 SOL트래블홀,2025-07-26,2025-07-26,37.54061157,127.0026398,서울 용산구 한남동 727-56,http://ticketimage.interpark.com/rz/image/play/goods/poster/25/25007687_p_s.jpg,http://ticket.interpark.com/TIKI/Main/TikiGoodsInfo.asp?GoodsCode=25007687
THE BALVENIE SUMMER LOUNGE,라움아트센터,2025-08-02,2025-08-03,37.50841658,127.0398233,서울 강남구 역삼동 680-1,http://ticketimage.interpark.com/rz/image/play/goods/poster/25/25009542_p_s.jpg,http://ticket.interpark.com/TIKI/Main/TikiGoodsInfo.asp?GoodsCode=25009542
The Black Collapse - 원양희,홍대 플렉스라운지,2025-12-24,2025-12-24,37.55252114,126.9189801,서울 마포구 서교동 372-5,http://ticketimage.interpark.com/rz/image/play/goods/poster/25/25008967_p_s.jpg,http://ticket.interpark.com/TIKI/Main/TikiGoodsInfo.asp?GoodsCode=25008967
toe New Album Release Tour 2025,무신사 개러지,2025-10-01,2025-10-01,37.5515747,126.919728,서울 마포구 서교동 368-22,http://ticketimage.interpark.com/rz/image/play/goods/poster/25/25006215_p_s.jpg,http://ticket.interpark.com/TIKI/Main/TikiGoodsInfo.asp?GoodsCode=25006215
Tommy Emmanuel 내한공연,스카이아트홀,2025-09-19,2025-09-19,37.5579769,126.8493986,서울 강서구 등촌동 659,http://ticketimage.interpark.com/rz/image/play/goods/poster/25/25008720_p_s.jpg,http://ticket.interpark.com/TIKI/Main/TikiGoodsInfo.asp?GoodsCode=25008720
TOMORROW X TOGETHER WORLD TOUR 〈ACT : TOMORROW〉 IN SEOUL,고척스카이돔,2025-08-22,2025-08-23,37.49823385,126.8671048,서울 구로구 고척동 63-6,http://ticketimage.interpark.com/rz/image/play/goods/poster/25/25008966_p_s.jpg,http://ticket.interpark.com/TIKI/Main/TikiGoodsInfo.asp?GoodsCode=25008966
2025 fromis_9 WORLD TOUR [NOW TOMORROW.] IN SEOUL,장충체육관,2025-08-08,2025-08-10,37.55817817,127.0068088,서울 중구 장충동2가 200-102,https://cdnticket.melon.co.kr/resource/image/upload/product/2025/06/20250619171324378d3cad-1eed-41a6-a71b-4427035df75b.jpg/melon/resize/230x320/strip/true,https://ticket.melon.com/performance/index.htm?prodId=211517
테디 스윔스 첫 단독 내한공연 TEDDY SWIMS I’ve Tried Everything But Therapy Tour,KBS아레나 (구88체육관),2025-11-15,2025-11-15,37.55675872,126.8479626,서울 강서구 화곡동 1093-76,https://cdnticket.melon.co.kr/resource/image/upload/product/2025/07/20250707180256c4407c52-f6a3-47a4-8c53-e564a5dc925b.jpg/melon/resize/230x320/strip/true,https://ticket.melon.com/performance/index.htm?prodId=211635
[Alexandros] Provoke Tour Live in Seoul,노들섬 라이브하우스,2025-08-23,2025-08-23,37.51811975,126.9583277,서울 용산구 이촌동 302-146,https://cdnticket.melon.co.kr/resource/image/upload/product/2025/07/202507170952231dbb9bd2-2139-4598-8cab-f55cd3811df0.jpg/melon/resize/230x320/strip/true,https://ticket.melon.com/performance/index.htm?prodId=211666
폼파돌스(PompadollS) 라이브 인 서울,롤링홀,2025-09-28,2025-09-28,37.54852151,126.9201613,서울 마포구 서교동 402-22,https://cdnticket.melon.co.kr/resource/image/upload/product/2025/07/20250715103353539eedf5-bfec-42bc-824e-c68a9705a70b.png/melon/resize/230x320/strip/true,https://ticket.melon.com/performance/index.htm?prodId=211656
2025 다린 여름 콘서트 〈열대야 : 내가 그대를 위해 할 수 있는 건〉,벨로주 홍대,2025-08-15,2025-08-17,37.55243093,126.9188172,서울 마포구 서교동 372-6,https://cdnticket.melon.co.kr/resource/image/upload/product/2025/07/202507141520172c391495-fed5-48f7-9461-d80e4a3b3858.jpg/melon/resize/230x320/strip/true,https://ticket.melon.com/performance/index.htm?prodId=211659
기쿠하시 단독콘서트 : 섬광 퍼레이드,롤링홀,2025-08-14,2025-08-14,37.54852151,126.9201613,서울 마포구 서교동 402-22,https://cdnticket.melon.co.kr/resource/image/upload/product/2025/07/202507071425500267db4a-3187-4111-b112-f1d238eec233.jpg/melon/resize/230x320/strip/true,https://ticket.melon.com/performance/index.htm?prodId=211636
TUNE UP MEETS FRESH FINDS [튠업?밋츠?프레시?파인즈],CJ아지트 광흥창,2025-08-09,2025-08-09,37.5442464,126.9303273,서울 마포구 신정동 96-29,https://cdnticket.melon.co.kr/resource/image/upload/product/2025/07/20250716090956b1d07c3d-a916-43d3-be34-ac7b33e200d5.png/melon/resize/230x320/strip/true,https://ticket.melon.com/performance/index.htm?prodId=211660
숲세권 라이브 : 기프트 단독 공연 “라벤더”,숲세권 라이브,2025-08-02,2025-08-03,37.51397949,126.8965071,서울 영등포구 문래동3가 54-34,https://cdnticket.melon.co.kr/resource/image/upload/product/2025/07/202507111755343252fa3a-84ff-492c-992b-75608c156f96.jpg/melon/resize/230x320/strip/true,https://ticket.melon.com/performance/index.htm?prodId=211654
SEKAI NO OWARI ASIA TOUR 2025 [Phoenix] in Seoul,고려대학교 화정체육관,2025-09-20,2025-09-21,37.59266942,127.0248879,서울 성북구 안암동5가 126-28,https://cdnticket.melon.co.kr/resource/image/upload/product/2025/07/20250704092656d88cedf1-2097-429e-a12b-247dd8b3eb97.jpg/melon/resize/230x320/strip/true,https://ticket.melon.com/performance/index.htm?prodId=211501
김승주 X 나무소년 기획공연 ‘ㄴ+’,벨로주 홍대,2025-08-08,2025-08-08,37.55243093,126.9188172,서울 마포구 서교동 372-6,https://cdnticket.melon.co.kr/resource/image/upload/product/2025/07/20250714132740242d4b82-bf2b-4cdc-a195-e2d5ca14d072.jpg/melon/resize/230x320/strip/true,https://ticket.melon.com/performance/index.htm?prodId=211652
제73회 라이브 클럽 데이－일반 티켓,LIVE CLUB DAY,2025-07-25,2025-07-25,37.556207,126.930526,서울 마포구 와우산로 156 지하,https://cdnticket.melon.co.kr/resource/image/upload/product/2025/07/202507081017375286d1eb-a52c-4be8-92e2-40d0479ff6a2.jpg/melon/resize/230x320/strip/true,https://ticket.melon.com/performance/index.htm?prodId=211641
크리스토퍼 내한공연 CHRISTOPHER LIVE IN SEOUL 2025,KSPO DOME (올림픽 체조경기장),2025-09-06,2025-09-06,37.51926123,127.1273999,서울 송파구 방이동 88,https://cdnticket.melon.co.kr/resource/image/upload/product/2025/06/2025062010193541b1ca55-cb12-4afd-aa4a-b0b3fe5e5063.jpg/melon/resize/230x320/strip/true,https://ticket.melon.com/performance/index.htm?prodId=211558
크라잉넛 30주년 기념 클럽 투어 (당다세) - NUT 30,당다세,2025-08-07,2025-08-07,37.57948572,126.935878,서울 서대문구 연희동 169-14,https://cdnticket.melon.co.kr/resource/image/upload/product/2025/07/2025071417320150f0b188-7b23-4a49-85d3-78c6023e622b.jpg/melon/resize/230x320/strip/true,https://ticket.melon.com/performance/index.htm?prodId=211661
2025 WayV Concert Tour [NO Way OUT] in SEOUL,올림픽공원,2025-08-02,2025-08-03,37.52053406,127.1208128,서울 송파구 방이동 88-3,https://cdnticket.melon.co.kr/resource/image/upload/product/2025/06/202506271345294cb49918-6da8-48ae-aeb9-5adb021394a4.jpg/melon/resize/230x320/strip/true,https://ticket.melon.com/performance/index.htm?prodId=211505
wizu 단독공연: The Ones Who Hide,CJ아지트 광흥창,2025-08-02,2025-08-02,37.5442464,126.9303273,서울 마포구 신정동 96-29,https://cdnticket.melon.co.kr/resource/image/upload/product/2025/07/20250716151545e07fe805-1a61-497a-81b9-25eb62edcd2b.jpg/melon/resize/230x320/strip/true,https://ticket.melon.com/performance/index.htm?prodId=211673
SUPER JUNIOR 20th Anniversary TOUR 〈SUPER SHOW 10〉 in SEOUL,KSPO DOME,2025-08-22,2025-08-24,37.51926123,127.1273999,서울 송파구 방이동 88,https://cdnticket.melon.co.kr/resource/image/upload/product/2025/06/202506241353393158f9d3-aa3a-4189-a055-4a2c8d1dbfe1.png/melon/resize/230x320/strip/true,https://ticket.melon.com/performance/index.htm?prodId=211541
2025 B.I TOUR: The Last Parade Tour in SEOUL,예스24 라이브홀 (구 악스코리아),2025-07-26,2025-07-27,37.545939,127.107935,서울 광진구 광장동 319-22,https://cdnticket.melon.co.kr/resource/image/upload/product/2025/06/20250612110043bff3f6e0-59ae-4fec-bce1-16d9c30faaf8.jpg/melon/resize/230x320/strip/true,https://ticket.melon.com/performance/index.htm?prodId=211523
2025 aespa LIVE TOUR - SYNK : aeXIS LINE?-,KSPO DOME,2025-08-29,2025-08-31,37.51926123,127.1273999,서울 송파구 방이동 88,https://cdnticket.melon.co.kr/resource/image/upload/product/2025/06/2025060914361480214ec0-3e58-4354-9d4b-44f7a87ed979.jpg/melon/resize/230x320/strip/true,https://ticket.melon.com/performance/index.htm?prodId=211510
strangers club vol.4 ? KAGAMI & 후쿠오 & 주애,SPACE SODA2002,2025-07-27,2025-07-27,37.54997537,126.9050771,서울 마포구 합정동 457-3,https://cdnticket.melon.co.kr/resource/image/upload/product/2025/07/20250714143446f22ea7e3-a492-44b3-8aa2-3a80eb396b5d.jpg/melon/resize/230x320/strip/true,https://ticket.melon.com/performance/index.htm?prodId=211658
"컬러풀 스테이지 #14 오예린 밴드, 일루반, 언오피셜",클럽온에어,2025-08-10,2025-08-10,37.55231749,126.9189475,서울 마포구 서교동 372-7,https://cdnticket.melon.co.kr/resource/image/upload/product/2025/07/20250711163557735612fb-c0ee-4adc-aa78-3adab45fd82b.jpg/melon/resize/180x250/strip/true,https://ticket.melon.com/performance/index.htm?prodId=211644
2025 CMYK : 아사달 & 투모로우,롤링홀,2025-08-08,2025-08-08,37.54852151,126.9201613,서울 마포구 서교동 402-22,https://cdnticket.melon.co.kr/resource/image/upload/product/2025/07/20250709164710b9f994c5-06de-45aa-9211-bfdfeacd7ede.jpg/melon/resize/180x250/strip/true,https://ticket.melon.com/performance/index.htm?prodId=211637
2025 김아름 여름 콘서트 ‘아쿠아 시티’,구름아래소극장,2025-08-09,2025-08-10,37.55419236,126.9285526,서울 마포구 서교동 337-11,https://cdnticket.melon.co.kr/resource/image/upload/product/2025/07/20250702165208352a6def-940a-4024-82bb-fd986b17a5c3.jpg/melon/resize/180x250/strip/true,https://ticket.melon.com/performance/index.htm?prodId=211624
0815 FRIDAY: Ahn Dayoung & Marrakech,롤링홀,2025-08-15,2025-08-15,37.54852151,126.9201613,서울 마포구 서교동 402-22,https://cdnticket.melon.co.kr/resource/image/upload/product/2025/07/2025071113445543e56c69-d08c-4430-b3f1-1f90f15eb78d.jpg/melon/resize/180x250/strip/true,https://ticket.melon.com/performance/index.htm?prodId=211649
‘기다림 설레임 그리고 …’ 강허달림 토크콘서트,구름아래소극장,2025-09-25,2025-09-25,37.55419236,126.9285526,서울 마포구 서교동 337-11,https://cdnticket.melon.co.kr/resource/image/upload/product/2025/07/2025071016404048ffac1a-6cce-4000-9bfe-23e705b68a31.jpg/melon/resize/230x320/strip/true,https://ticket.melon.com/performance/index.htm?prodId=211651
2025 P1Harmony LIVE TOUR [P1ustage H : MOST WANTED] IN SEOUL,고려대학교 화정체육관,2025-08-09,2025-08-10,37.59266942,127.0248879,서울 성북구 안암동5가 126-28,https://cdnticket.melon.co.kr/resource/image/upload/product/2025/06/20250616091105347f62ee-8485-4b1b-ac67-65c27e24a91b.jpg/melon/resize/180x250/strip/true,https://ticket.melon.com/performance/index.htm?prodId=211530
가리온 x 롤링홀 : 모두의 마이크,롤링홀,2025-07-25,2025-07-25,37.54852151,126.9201613,서울 마포구 서교동 402-22,https://cdnticket.melon.co.kr/resource/image/upload/product/2025/07/20250715101456e9cfcf4c-09c3-43a6-ae92-76a6c298f8cd.jpg/melon/resize/180x250/strip/true,https://ticket.melon.com/performance/index.htm?prodId=211665
중식이밴드 투어 서울 파이날 ‘헬로’,롤링홀,2025-07-26,2025-07-27,37.54852151,126.9201613,서울 마포구 서교동 402-22,https://cdnticket.melon.co.kr/resource/image/upload/product/2025/06/202506230853246ab79905-be31-4b53-8062-c2c3e430433b.jpg/melon/resize/180x250/strip/true,https://ticket.melon.com/performance/index.htm?prodId=211565
현대카드 Curated 100 Summer Salt,"현대카드 UNDERSTAGE, 언더스테이지",2025-08-23,2025-08-23,37.536864,127.000733,서울 용산구 한남동 683-131,https://cdnticket.melon.co.kr/resource/image/upload/product/2025/07/20250701115722597402b0-0f0a-4518-a16f-1f55427ba580.jpg/melon/resize/180x250/strip/true,https://ticket.melon.com/performance/index.htm?prodId=211507
natori Asia Tour 2025 in Seoul,예스24 라이브홀 (구 악스코리아),2025-11-21,2025-11-22,37.545939,127.107935,서울 광진구 광장동 319-22,https://cdnticket.melon.co.kr/resource/image/upload/product/2025/06/2025062411563233fdfe30-b382-4920-9d92-33962fcd2005.jpg/melon/resize/180x250/strip/true,https://ticket.melon.com/performance/index.htm?prodId=211526
They Never Change Concert : UNCHANGED,롤링홀,2025-08-07,2025-08-07,37.54852151,126.9201613,서울 마포구 서교동 402-22,https://cdnticket.melon.co.kr/resource/image/upload/product/2025/07/202507021004027d097640-65cf-4393-a878-28eaecfa9116.jpg/melon/resize/180x250/strip/true,https://ticket.melon.com/performance/index.htm?prodId=211620
MONNI’S SUMMER PLAY : August Playlist,벨로주 홍대,2025-08-09,2025-08-09,37.55243093,126.9188172,서울 마포구 서교동 372-6,https://cdnticket.melon.co.kr/resource/image/upload/product/2025/07/2025071014355006ff704f-daa6-459e-b6da-a2e854c1ad34.png/melon/resize/180x250/strip/true,https://ticket.melon.com/performance/index.htm?prodId=211645
먼데이프로젝트 시즌8 [우희준?EP발매 기념 단독 콘서트 ‘또 다시 살아남아 볼을 맞댄다’],클럽온에어,2025-07-23,2025-07-23,37.55231749,126.9189475,서울 마포구 서교동 372-7,https://cdnticket.melon.co.kr/resource/image/upload/product/2025/06/202506271754540fcb1604-203a-483c-856e-ec58276a2552.jpg/melon/resize/180x250/strip/true,https://ticket.melon.com/performance/index.htm?prodId=211605
제이크 첫 단독 내한공연 JVKE LIVE IN SEOUL,올림픽공원,2025-08-21,2025-08-21,37.52053406,127.1208128,서울 송파구 방이동 88-3,https://cdnticket.melon.co.kr/resource/image/upload/product/2025/05/20250522105623d7226429-2557-41ee-8e50-aadd686de965.jpg/melon/resize/180x250/strip/true,https://ticket.melon.com/performance/index.htm?prodId=211439
쿠잉?단독 콘서트 [SUMMER KISS: DREAMER],노들섬 라이브하우스,2025-07-26,2025-07-26,37.51811975,126.9583277,서울 용산구 이촌동 302-146,https://cdnticket.melon.co.kr/resource/image/upload/product/2025/06/202506181625396ad9e602-acf3-4904-8fd9-9cabfbe9bfc0.jpg/melon/resize/180x250/strip/true,https://ticket.melon.com/performance/index.htm?prodId=211562
나윤권 소극장 전국투어 〈여름산책〉 - 서울,KT&G 상상마당 홍대 라이브홀,2025-08-09,2025-08-10,37.551137,126.920991,서울 마포구 어울마당로 65,https://cdnticket.melon.co.kr/resource/image/upload/product/2025/05/20250530105614cbd1d72d-909a-4498-81e1-f4b9035b2e88.jpg/melon/resize/180x250/strip/true,https://ticket.melon.com/performance/index.htm?prodId=211488
THE VANE 10th Anniversary Concert 〈Monster : THE VANE 10〉,연남스페이스,2025-08-03,2025-08-03,37.56215949,126.9208734,서울 마포구 연남동 504-12,https://cdnticket.melon.co.kr/resource/image/upload/product/2025/06/202506301432092e36a58a-c969-4a16-9696-8b1e1150d0c1.jpg/melon/resize/180x250/strip/true,https://ticket.melon.com/performance/index.htm?prodId=211608
MY FIRST EARTH LOG,클럽온에어,2025-07-25,2025-07-25,37.55231749,126.9189475,서울 마포구 서교동 372-7,https://cdnticket.melon.co.kr/resource/image/upload/product/2025/07/2025071515334129699361-2a43-475b-a59e-ec72b3094ba5.jpg/melon/resize/180x250/strip/true,https://ticket.melon.com/performance/index.htm?prodId=211671
Kano Miyu 1st ONE-MAN Live 〈Terminal〉,온맘씨어터,2025-08-03,2025-08-03,37.55313239,126.9222184,서울 마포구 서교동 358-116,https://cdnticket.melon.co.kr/resource/image/upload/product/2025/06/20250630090751b3e905f7-9b30-481c-8a07-4bc3319a9e5a.jpg/melon/resize/180x250/strip/true,https://ticket.melon.com/performance/index.htm?prodId=211602
별은 발매기념 단독콘서트_고백,클럽온에어,2025-08-03,2025-08-03,37.55231749,126.9189475,서울 마포구 서교동 372-7,https://cdnticket.melon.co.kr/resource/image/upload/product/2025/07/2025070914302506286d12-c6e3-42f5-a4cd-c7513665bb6d.jpg/melon/resize/180x250/strip/true,https://ticket.melon.com/performance/index.htm?prodId=211643
〈우리가 이겼어!〉,극락 (모래내 극락),2025-08-09,2025-08-10,37.57001188,126.9147073,서울 서대문구 남가좌동 289-6,https://cdnticket.melon.co.kr/resource/image/upload/product/2025/07/20250702141735bc75098e-2453-4e60-9e4e-d3fb857ff9dd.jpg/melon/resize/180x250/strip/true,https://ticket.melon.com/performance/index.htm?prodId=211622
먼데이프로젝트?시즌8 OUR SUMMER [심아일랜드 X 아사달],클럽온에어,2025-07-24,2025-07-24,37.55231749,126.9189475,서울 마포구 서교동 372-7,https://cdnticket.melon.co.kr/resource/image/upload/product/2025/06/202506261117432efde678-bca0-435f-a585-97d82ad2793a.jpg/melon/resize/180x250/strip/true,https://ticket.melon.com/performance/index.htm?prodId=211588
"먼데이프로젝트 시즌8 [Robiq, Four Seasons : Summer]",클럽온에어,2025-07-28,2025-07-28,37.55231749,126.9189475,서울 마포구 서교동 372-7,https://cdnticket.melon.co.kr/resource/image/upload/product/2025/07/202507031151366d652742-6ff5-48e4-8ac4-1deb2190cca2.jpg/melon/resize/180x250/strip/true,https://ticket.melon.com/performance/index.htm?prodId=211618
SS:umic Festival #5,CJ아지트 광흥창,2025-08-24,2025-08-24,37.5442464,126.9303273,서울 마포구 신정동 96-29,https://cdnticket.melon.co.kr/resource/image/upload/product/2025/07/202507041424329ea49e65-ddd7-475c-bf07-f309a364a716.jpg/melon/resize/180x250/strip/true,https://ticket.melon.com/performance/index.htm?prodId=211631
PL (피엘) 여름 콘서트 〈Summer Diary 2025〉,CJ아지트 광흥창,2025-07-26,2025-07-26,37.5442464,126.9303273,서울 마포구 신정동 96-29,https://cdnticket.melon.co.kr/resource/image/upload/product/2025/06/20250624144839f6461e88-f131-49bf-bf2b-1b1105b9c54b.jpg/melon/resize/180x250/strip/true,https://ticket.melon.com/performance/index.htm?prodId=211573
나만 아는 가수 _현서 단독콘서트&팬미팅,연남장,2025-07-26,2025-07-26,37.56432979,126.9275831,서울 서대문구 연희동 218-15,https://cdnticket.melon.co.kr/resource/image/upload/product/2025/06/2025062621211547b26309-3a35-4077-925d-2095ae0f13b9.jpg/melon/resize/180x250/strip/true,https://ticket.melon.com/performance/index.htm?prodId=211598
엔분의일 투어 콘서트 〈2025 HIGHTENSION〉 서울,CJ아지트 광흥창,2025-07-27,2025-07-27,37.5442464,126.9303273,서울 마포구 신정동 96-29,https://cdnticket.melon.co.kr/resource/image/upload/product/2025/06/202506232139231afe7b7d-b3bc-4b40-8c95-4680832ab814.jpg/melon/resize/180x250/strip/true,https://ticket.melon.com/performance/index.htm?prodId=211578
먼데이프로젝트 시즌8 OUR SUMMER [아디오스 오디오 단독 콘서트],KT&G 상상마당 홍대 라이브홀,2025-07-28,2025-07-28,37.551137,126.920991,서울 마포구 어울마당로 65,https://cdnticket.melon.co.kr/resource/image/upload/product/2025/07/20250703114119bd3edba6-adaf-4b9a-a2a1-e03e6b4fff3d.jpg/melon/resize/180x250/strip/true,https://ticket.melon.com/performance/index.htm?prodId=211617
먼데이프로젝트 시즌8 [준(JUNE) 단독 콘서트 ‘RE-SIGN’],벨로주 홍대,2025-07-23,2025-07-23,37.55243093,126.9188172,서울 마포구 서교동 372-6,https://cdnticket.melon.co.kr/resource/image/upload/product/2025/06/20250620113013bde4175b-e4d0-4b32-9422-e2ccb3354dfb.jpg/melon/resize/180x250/strip/true,https://ticket.melon.com/performance/index.htm?prodId=211570
제73회 라이브 클럽 데이－블라인드 티켓,LIVE CLUB DAY,2025-07-25,2025-07-25,37.554861,126.930412,서울 마포구 와우산로 156 지하,https://cdnticket.melon.co.kr/resource/image/upload/product/2025/07/20250703104318d8e77ab9-6a87-4443-8695-7d0a8c15574b.jpg/melon/resize/180x250/strip/true,https://ticket.melon.com/performance/index.htm?prodId=211626
2025 어썸스테이지 [N.Flying],KBS아레나 (구88체육관),2025-07-26,2025-07-27,37.55675872,126.8479626,서울 강서구 화곡동 1093-76,https://cdnticket.melon.co.kr/resource/image/upload/product/2025/07/202507071321004b569712-eedf-4ebb-9288-008d7d49f984.jpg/melon/resize/180x250/strip/true,https://ticket.melon.com/performance/index.htm?prodId=211630
"MEETING ROOM 002 : 다브다, Door Plant",서보미술문화공간 서울 본관,2025-07-26,2025-07-26,37.56206823,126.9153117,서울 마포구 성산동 114-7,https://cdnticket.melon.co.kr/resource/image/upload/product/2025/07/20250707104946917094c9-7c64-410b-9d09-22bae982bd4a.jpg/melon/resize/180x250/strip/true,https://ticket.melon.com/performance/index.htm?prodId=211632
먼데이프로젝트 IN 라이브클럽 [윤형준 단독콘서트],스페이스한강,2025-07-30,2025-07-30,37.55331154,126.927656,서울 마포구 창전동 6-133,https://cdnticket.melon.co.kr/resource/image/upload/product/2025/07/202507011533420a444a31-7d2f-4993-885f-7be9a2eca9fe.jpg/melon/resize/180x250/strip/true,https://ticket.melon.com/performance/index.htm?prodId=211614
2025 ONEW WORLD TOUR [ONEW THE LIVE : PERCENT (%)] IN SEOUL,올림픽공원,2025-08-02,2025-08-03,37.52053406,127.1208128,서울 송파구 방이동 88-3,https://cdnticket.melon.co.kr/resource/image/upload/product/2025/07/202507030949536378cd07-fa0c-4e90-90f7-37b07a4a660b.jpg/melon/resize/180x250/strip/true,https://ticket.melon.com/performance/index.htm?prodId=211600
박장현 X 박현규 듀엣 콘서트 [이-음],구름아래소극장,2025-08-03,2025-08-03,37.55419236,126.9285526,서울 마포구 서교동 337-11,https://cdnticket.melon.co.kr/resource/image/upload/product/2025/07/202507080950056b915373-0f85-4a8e-81cd-4435fd95b899.jpg/melon/resize/180x250/strip/true,https://ticket.melon.com/performance/index.htm?prodId=211638
2025 적재 소극장 콘서트 〈mono〉,서강대학교 메리홀,2025-08-08,2025-08-17,37.5521262,126.9395274,서울 마포구 신수동 1-1,https://cdnticket.melon.co.kr/resource/image/upload/product/2025/06/2025062710544241e908d1-a866-40ff-a6f2-92f730bed6dc.jpg/melon/resize/180x250/strip/true,https://ticket.melon.com/performance/index.htm?prodId=211596
With 스킵잭 (SKIPJACK),KT&G 상상마당 홍대 라이브홀,2025-08-08,2025-08-08,37.551137,126.920991,서울 마포구 어울마당로 65,https://cdnticket.melon.co.kr/resource/image/upload/product/2025/07/20250717160417165608c0-4b9f-4160-a52d-303d3fff92c8.jpg/melon/resize/180x250/strip/true,https://ticket.melon.com/performance/index.htm?prodId=211663
"Jaedal (재달), [Time Attack] 콘서트",롤링홀,2025-08-10,2025-08-10,37.54852151,126.9201613,서울 마포구 서교동 402-22,https://cdnticket.melon.co.kr/resource/image/upload/product/2025/07/20250717104114fe27461a-0d3c-43be-9b21-5b2293d957b9.jpg/melon/resize/180x250/strip/true,https://ticket.melon.com/performance/index.htm?prodId=211677
먼데이프로젝트 시즌8 OUR SUMMER [Dept(뎁트) 단독 콘서트],클럽온에어,2025-08-11,2025-08-11,37.55231749,126.9189475,서울 마포구 서교동 372-7,https://cdnticket.melon.co.kr/resource/image/upload/product/2025/07/20250715174930efe876eb-798f-4e55-9932-cd0cedc1dd14.jpg/melon/resize/180x250/strip/true,https://ticket.melon.com/performance/index.htm?prodId=211672
먼데이프로젝트 시즌8 OUR SUMMER [손을모아 X 컨파인드 화이트],클럽온에어,2025-08-14,2025-08-14,37.55231749,126.9189475,서울 마포구 서교동 372-7,https://cdnticket.melon.co.kr/resource/image/upload/product/2025/07/20250717113657512788f6-a688-4e4f-827a-25f44958df3f.jpg/melon/resize/180x250/strip/true,https://ticket.melon.com/performance/index.htm?prodId=211676
With?사비나앤드론즈?(Savina & Drones),KT&G 상상마당 홍대 라이브홀,2025-08-15,2025-08-15,37.551137,126.920991,서울 마포구 어울마당로 65,https://cdnticket.melon.co.kr/resource/image/upload/product/2025/07/2025071719344743b6cd34-d184-47bc-be79-804abbf22490.jpg/melon/resize/180x250/strip/true,https://ticket.melon.com/performance/index.htm?prodId=211683
하동연의 음감회 “다행”,클럽온에어,2025-08-16,2025-08-16,37.55231749,126.9189475,서울 마포구 서교동 372-7,https://cdnticket.melon.co.kr/resource/image/upload/product/2025/06/20250602093225b6405a5d-84f3-4dd1-a1eb-3553f3b2c920.jpg/melon/resize/180x250/strip/true,https://ticket.melon.com/performance/index.htm?prodId=211479
2025 송하예 소극장 콘서트 〈우린 SOLO〉,구름아래소극장,2025-08-17,2025-08-17,37.55419236,126.9285526,서울 마포구 서교동 337-11,https://cdnticket.melon.co.kr/resource/image/upload/product/2025/07/20250716171402c61c8f97-eec9-4ba4-8f83-7f0d1464a7a9.jpg/melon/resize/180x250/strip/true,https://ticket.melon.com/performance/index.htm?prodId=211669
천진우 단독콘서트 : 오싹 오싹 공포의 인간쓰레기,롤링홀,2025-08-17,2025-08-17,37.54852151,126.9201613,서울 마포구 서교동 402-22,https://cdnticket.melon.co.kr/resource/image/upload/product/2025/07/202507141034456cdc8d29-4597-4089-9b35-f256ffc4cf42.jpg/melon/resize/180x250/strip/true,https://ticket.melon.com/performance/index.htm?prodId=211655
YB x Jelusick ? Odyssey : Seoul,롤링홀,2025-08-19,2025-08-19,37.54852151,126.9201613,서울 마포구 서교동 402-22,https://cdnticket.melon.co.kr/resource/image/upload/product/2025/07/20250717090133986e8459-f623-4b78-bb76-806b77de2a1b.jpg/melon/resize/180x250/strip/true,https://ticket.melon.com/performance/index.htm?prodId=211668
극동아시아타이거즈 전국투어 〈호랑이 소리를 찾아서〉 - 서울앵콜,KT&G 상상마당 홍대,2025-08-22,2025-08-22,37.55100888,126.9210685,서울 마포구 서교동 367-5,https://cdnticket.melon.co.kr/resource/image/upload/product/2025/07/20250704154118ee0cf5c2-da41-42b3-9f7c-70e74e33b42c.jpg/melon/resize/180x250/strip/true,https://ticket.melon.com/performance/index.htm?prodId=211496
문상훈과 빠더너스 on Sync Next 25,세종문화회관,2025-08-22,2025-08-24,37.57259452,126.9757787,서울 종로구 세종로 81-3,https://cdnticket.melon.co.kr/resource/image/upload/product/2025/04/20250424184647fdd761ba-e5cd-4ed6-9a64-71d7113eccd3.jpg/melon/resize/180x250/strip/true,https://ticket.melon.com/performance/index.htm?prodId=211265
109 여름 잔향 : summer scent,벨로주 망원,2025-08-23,2025-08-24,37.55744399,126.9042709,서울 마포구 망원동 422-27,https://cdnticket.melon.co.kr/resource/image/upload/product/2025/05/202505291758031072416e-dec6-4a37-98ca-491fad11b3e9.jpg/melon/resize/180x250/strip/true,https://ticket.melon.com/performance/index.htm?prodId=211409
Pinyo Live Tour 2025 -ASTRO-,롤링홀,2025-08-23,2025-08-23,37.54852151,126.9201613,서울 마포구 서교동 402-22,https://cdnticket.melon.co.kr/resource/image/upload/product/2025/05/20250529111132539a9d16-38bf-4602-a8ce-13fe9c0021d7.jpg/melon/resize/180x250/strip/true,https://ticket.melon.com/performance/index.htm?prodId=211475
브라운티거 밴드 EP앨범 [혼종] 발매 콘서트,홍대 클럽 FF,2025-08-23,2025-08-23,37.55027088,126.9223096,서울 마포구 서교동 407-8,https://cdnticket.melon.co.kr/resource/image/upload/product/2025/07/20250710133834d1c88378-b8c1-4e15-b696-2bac02446e1b.jpg/melon/resize/180x250/strip/true,https://ticket.melon.com/performance/index.htm?prodId=211646
Turn On : the first summer,롤링홀,2025-08-24,2025-08-24,37.54852151,126.9201613,서울 마포구 서교동 402-22,https://cdnticket.melon.co.kr/resource/image/upload/product/2025/07/202507171344108b8d93d1-5e49-4809-bdf1-3357a4b77fdf.jpg/melon/resize/180x250/strip/true,https://ticket.melon.com/performance/index.htm?prodId=211675
하츠네 미쿠 HATSUNE MIKU EXPO 2025 in Seoul,고려대학교 화정체육관,2025-11-29,2025-11-29,37.59266942,127.0248879,서울 성북구 안암동5가 126-28,https://cdnticket.melon.co.kr/resource/image/upload/product/2025/07/202507161804038023b2d7-4990-4d8f-9b66-0d9da40e89fa.jpg/melon/resize/180x250/strip/true,https://ticket.melon.com/performance/index.htm?prodId=211664
먼데이프로젝트 시즌8 My Universe [JUNGSOOMIN(정수민) 단독 콘서트],벨로주 홍대,2025-07-21,2025-07-21,37.55243093,126.9188172,서울 마포구 서교동 372-6,https://cdnticket.melon.co.kr/resource/image/upload/product/2025/06/20250624133458db79c2e1-3465-41f4-87dc-9f2588eb71ba.jpg/melon/resize/180x250/strip/true,https://ticket.melon.com/performance/index.htm?prodId=211580
