보관함역,위도,경도,주소,상세위치
서울역,37.55406889,126.9707034,서울 중구 봉래동2가 122-11,1호선 1번 출입구 주변
서울역,37.55406889,126.9707034,서울 중구 봉래동2가 122-11,"2,3번 출입구 복도 사이"
서울역,37.55406889,126.9707034,서울 중구 봉래동2가 122-11,"2,3번 출입구 복도 사이/화장실 주변"
시청역,37.5653454,126.9771982,서울 중구 정동 5-5,1번 출구 주변
시청역,37.5653454,126.9771982,서울 중구 정동 5-5,"2,3번 출구 주변"
종각역,37.57022799,126.9831508,서울 종로구 종로1가 54,4번 출구 주변
종각역,37.57022799,126.9831508,서울 종로구 종로1가 54,3번 출구 주변 게이트
종로3가역,37.57042084,126.9921533,서울 종로구 종로3가 10-5,2-1번 출입구 게이트 내부
종로3가역,37.57042084,126.9921533,서울 종로구 종로3가 10-5,"10,11,12,13번 출구 게이트 주변"
종로5가역,37.57097611,127.0015383,서울 종로구 종로5가 82-1,"중앙게이트 주변, ATM 옆"
종로5가역,37.57097611,127.0015383,서울 종로구 종로5가 82-1,"중앙게이트 주변, ATM 옆"
동대문역,37.57166941,127.0106338,서울 종로구 창신동 492-1,1번 출입구 주변
신설동역,37.57602997,127.0244567,서울 동대문구 신설동 76-5,우이신설 환승입구와 게이트 근처의 ATM 기기 주변
제기동역,37.5781735,127.0349495,서울 동대문구 제기동 65,2번  출구 계단 주변
청량리역,37.57997011,127.0477363,서울 동대문구 전농동 591-92,4번 출입구 계단 밑 
동묘앞역,37.57321666,127.0163642,서울 종로구 숭인동 117,3번 출입구 내부 에스컬레이터 주변
시청역,37.5653454,126.9771982,서울 중구 정동 5-5,8번 출구 → 1호선환승 방향
을지로입구역,37.56603552,126.9821953,서울 중구 을지로1가 100-1,중앙 게이트 주변
을지로입구역,37.56603552,126.9821953,서울 중구 을지로1가 100-1,"3,4번 출입구 방향 통로"
을지로3가역,37.5662915,126.9909844,서울 중구 을지로3가 347-3,게이트 통로 상가 주변
을지로4가역,37.5666405,126.9976321,서울 중구 을지로4가 267-1,"지하1층 1,2번 출구 방향 화장실 주변"
동대문역사문화공원역,37.56566441,127.0090042,서울 중구 을지로7가 112-3,1번 출입구 주변
동대문역사문화공원역,37.56566441,127.0090042,서울 중구 을지로7가 112-3,"1번 출입구, 상가 주변"
신당역,37.56567305,127.0194775,서울 중구 신당동 99,"2,3번 출구 사이 복도"
상왕십리역,37.56443667,127.0292724,서울 성동구 하왕십리동 946-14,"2,3,4번 출구 사이 복도"
왕십리역,37.56126836,127.0371034,서울 성동구 행당동 192,3번 출입구 주변
한양대역,37.55571599,127.0436398,서울 성동구 행당동 산 17,"2,4번 출입구 주변"
뚝섬역,37.54724155,127.0473873,서울 성동구 성수동1가 656-745,"1,2,7,8번 출입구 주변"
성수역,37.54458882,127.056067,서울 성동구 성수동2가 300-1,"1,4번 출입구 주변"
성수역,37.54458882,127.056067,서울 성동구 성수동2가 300-1,3번 출구 주변 상가 사이
건대입구역,37.54040752,127.0692029,서울 광진구 화양동 7-3,6번 출입구 주변
건대입구역,37.54040752,127.0692029,서울 광진구 화양동 7-3,2번 출입구 주변
건대입구역,37.54040752,127.0692029,서울 광진구 화양동 7-3,5번 출입구 주변
구의역,37.53717527,127.0861808,서울 광진구 구의동 245-24,"1,4번 출입구, 서비스센터 맞은편"
강변역,37.53511804,127.0947411,서울 광진구 구의동 546-6,화장실 맞은편
강변역,37.53511804,127.0947411,서울 광진구 구의동 546-6,3번 출입구 주변
잠실나루역,37.52071241,127.1038087,서울 송파구 신천동 15,"2,3번 출입구 주변"
잠실역,37.51331106,127.100231,서울 송파구 신천동 8,"1,2번 출입구 주변"
잠실역,37.51331106,127.100231,서울 송파구 신천동 8,"1,2번 출입구 주변"
잠실역,37.51331106,127.100231,서울 송파구 신천동 8,"1,2번 출입구에서 3,4번  출입구 방향 통로 내부"
잠실역,37.51331106,127.100231,서울 송파구 신천동 8,"1,2번 출입구에서 3,4번  출입구 방향 통로 내부"
잠실새내역,37.51162636,127.0863143,서울 송파구 잠실동 33,7번 출입구 주변
종합운동장역,37.51114466,127.0738494,서울 송파구 잠실동 122,5번 출입구 주변
종합운동장역,37.51114466,127.0738494,서울 송파구 잠실동 122,6번 출입구 주변
삼성역,37.50882274,127.0630232,서울 강남구 삼성동 172-66,"3,4,5,6번 출입구 방향 통로(역무실 맞은편)"
삼성역,37.50882274,127.0630232,서울 강남구 삼성동 172-66,"1,2,7,8번 출입구 방향 통로"
삼성역,37.50882274,127.0630232,서울 강남구 삼성동 172-66,"3,4번 출입구 방향 통로"
선릉역,37.50449737,127.0489628,서울 강남구 삼성동 172-66,"1,10번 출입구 방향 게이트 주변"
선릉역,37.50449737,127.0489628,서울 강남구 삼성동 172-66,5번 출입구에서 10번 출입구 방향
역삼역,37.50067442,127.0364695,서울 강남구 역삼동 804,"3,4번 출입구 통로"
강남역,37.49808634,127.0280014,서울 강남구 역삼동 858,"1,12번 출입구 게이트 주변"
강남역,37.49808634,127.0280014,서울 강남구 역삼동 858,"1,12번 출입구 통로 상가 맞은편"
교대역,37.49274317,127.013868,서울 서초구 서초동 1748-4,"지하1층 6,7번 출구 주변"
서초역,37.49184993,127.0076621,서울 서초구 서초동 1748-5,지하1층 8번 출구 주변
방배역,37.48145613,126.9975533,서울 서초구 방배동 912-14,지하1층 4번 출구 주변
사당역,37.47656223,126.9815586,서울 동작구 사당동 1129,"지하1층 13,14번 출구 방향 편의점 맞은편"
낙성대역,37.47709324,126.9635239,서울 관악구 봉천동 1693-39,"7,8번 출입구 주변"
서울대입구역,37.48128451,126.9527132,서울 관악구 봉천동 979-2,"5,6번 출입구 주변 화장실 주변"
봉천역,37.48247252,126.9416865,서울 관악구 봉천동 979-7,4번 출입구 주변　
신림역,37.48426714,126.9297454,서울 관악구 신림동 1467-10,"3,4번 출입구 주변(아이센터 주변)"
신림역,37.48426714,126.9297454,서울 관악구 신림동 1467-10,"1,8번 출입구 사이 벽면"
신대방역,37.48765046,126.9135075,서울 동작구 신대방동 643-1,1번 출입구 주변
구로디지털단지역,37.48526058,126.9014731,서울 구로구 구로동 810-3,6번 출입구 주변
대림역,37.49330994,126.894931,서울 구로구 구로동 1204,"1,2번 출입구 통로"
신도림역,37.50890848,126.8913125,서울 구로구 신도림동 460-26,1번 출입구 외부문 주변
신도림역,37.50890848,126.8913125,서울 구로구 신도림동 460-26,2번 출입구 주변
신도림역,37.50890848,126.8913125,서울 구로구 신도림동 460-26,1번 출입구 게이트 내부 상가 주변
문래역,37.51797572,126.8947788,서울 영등포구 문래동3가 68-1,2번 출입구 통로
영등포구청역,37.52583053,126.8966774,서울 영등포구 당산동3가 270-1,3번 출입구 게이트 내부 계단 주변
당산역,37.53478432,126.9026118,서울 영등포구 당산동6가 323-1,"1,2번 출입구 주변"
합정역,37.54991316,126.9144541,서울 마포구 서교동 393,"1,2,3,4번 출입구 주변"
홍대입구역,37.55687074,126.9237786,서울 마포구 동교동 165,"2,8번 출입구 주변"
홍대입구역,37.55687074,126.9237786,서울 마포구 동교동 165,"2,8번 출입구 주변"
홍대입구역,37.55687074,126.9237786,서울 마포구 동교동 165,"2,8번 출입구 게이트 맞은편 화장실 주변"
홍대입구역,37.55687074,126.9237786,서울 마포구 동교동 165,"2,8번 출입구 게이트 맞은편 화장실 주변"
홍대입구역,37.55687074,126.9237786,서울 마포구 동교동 165,2번에서 3번 출입구 복도 사이
신촌역,37.55519817,126.9369808,서울 마포구 노고산동 31-11,지하1층  백화점 연결통로 주변
신촌역,37.55519817,126.9369808,서울 마포구 노고산동 31-11,5번 출입구 게이트 주변
신촌역,37.55519817,126.9369808,서울 마포구 노고산동 31-11,5번 출입구 게이트 주변
이대역,37.55681472,126.9464295,서울 마포구 염리동 8-85,5번 출입구 화장실 주변
아현역,37.55740618,126.9561464,서울 마포구 아현동 354-23,3번 출입구 ATM주변
충정로역,37.55976329,126.9644921,서울 서대문구 충정로3가 319-1,"B2층 1,2번 출입구 화장실 주변"
용답역,37.56212278,127.0508895,서울 성동구 용답동 127,"1,2번 출입구 사이 게이트 주변"
신답역,37.56983868,127.0470801,서울 성동구 용답동 129-2,1번 출입구 주변 게이트 주변
신설동역,37.57602997,127.0244567,서울 동대문구 신설동 76-5,10번 출입구 게이트 내부
도림천역,37.51450804,126.8826491,서울 구로구 신도림동 323-16,1번 출입구 게이트 주변
양천구청역,37.51238887,126.8657224,서울 양천구 신정동 276-7,2번 출입구 상가(던킨도너츠) 주변
신정네거리역,37.52022312,126.8528896,서울 양천구 신정동 1231,3번 출입구 주변
용두역,37.57406213,127.0382757,서울 동대문구 용두동 47-1,1번 출입구에서 3번 출입구 사이 통로
지축역,37.64814864,126.9138543,경기 고양시 덕양구 지축동 818-64,1번 출입구 게이트 주변
구파발역,37.63643579,126.9188528,서울 은평구 진관동 67-26,"1,4번 출입구 주변"
연신내역,37.61920415,126.921103,서울 은평구 갈현동 397,"6,7번 출입구 주변"
불광역,37.6100478,126.9303158,서울 은평구 대조동 13-10,"1,4,5번 출입구 주변"
녹번역,37.60080677,126.935828,서울 은평구 녹번동 55,"1,4,5번 출입구 주변"
홍제역,37.58879538,126.944158,서울 서대문구 홍제동 161-1,"지하2층 1,4번 출입구 주변"
홍제역,37.58879538,126.944158,서울 서대문구 홍제동 161-1,"지하2층 2,3번 출입구 주변"
무악재역,37.58256323,126.950231,서울 서대문구 홍제동 26-1,지하2층 복도 통로
독립문역,37.57446628,126.9579137,서울 서대문구 현저동 101,"3,4번 출입구 주변"
경복궁역,37.57580612,126.9736914,서울 종로구 적선동 81-1,7번 출입구 주변 계단 밑
경복궁역,37.57580612,126.9736914,서울 종로구 적선동 81-1,7번출구 지하2층 고객안전실 옆
경복궁역,37.57580612,126.9736914,서울 종로구 적선동 81-1,7번 출입구 주변 계단 밑
안국역,37.57650192,126.9854214,서울 종로구 안국동 73-1,B2층 게이트 주변
안국역,37.57650192,126.9854214,서울 종로구 안국동 73-1,B2층 게이트 주변
종로3가역,37.57042084,126.9921533,서울 종로구 종로3가 10-5,2-1번 출입구 게이트 내부
을지로3가역,37.5662915,126.9909844,서울 중구 을지로3가 347-3,9번 출입구 게이트 주변
동대입구역,37.55905582,127.005316,서울 중구 장충동2가 199-3,"1,2번 출입구와 3,4번 출입구 사이 통로"
약수역,37.5545054,127.0108917,서울 중구 신당동 369-44,"4,5번 출입구 게이트 내부"
금호역,37.54826092,127.0158292,서울 성동구 금호동4가 1470,3번 출입구 주변
옥수역,37.54156628,127.0173938,서울 성동구 옥수동 168-1,"1,2번 출입구 방향 화장실 주변"
압구정역,37.52649127,127.0285087,서울 강남구 신사동 668,6번 출입구 주변
압구정역,37.52649127,127.0285087,서울 강남구 신사동 668,4번 출입구 주변
신사역,37.51643598,127.0203086,서울 강남구 신사동 667,6번 출입구 게이트 주변
신사역,37.51643598,127.0203086,서울 강남구 신사동 667,"6, 7번 출입구 주변"
잠원역,37.51288992,127.0114195,서울 서초구 잠원동 100-1,1번 출입구 우측 게이트 주변
고속터미널역,37.50454886,127.005121,서울 서초구 반포동 19-11,1번 출입구 9호선 환승게이트 주변
고속터미널역,37.50454886,127.005121,서울 서초구 반포동 19-11,대합실 중앙지하  2층 대합실 상가(네이처리퍼블릭) 주변
교대역,37.49274317,127.013868,서울 서초구 서초동 1748-4,"지하 1층 12,13번 출입구 사이 화장실 주변"
남부터미널역,37.48519963,127.0162003,서울 서초구 서초동 1748-30,"지하2층5,6번 출입구 주변 계단 밑 "
양재역,37.48457681,127.0341641,서울 서초구 서초동 1366-9,"11,12번 출입구 주변 게이트 주변"
양재역,37.48457681,127.0341641,서울 서초구 서초동 1366-9,"3,4번 출입구 주변 편의점 주변"
매봉역,37.48693947,127.0467114,서울 강남구 도곡동 179-2,"1,2번 출입구 주변 화장실 주변"
도곡역,37.49097398,127.0554988,서울 강남구 도곡동 339-2,4번 출입구 주변 게이트 맞은편
대치역,37.49449665,127.0632034,서울 강남구 대치동 317-3,3번 출입구 주변 게이트 주변
학여울역,37.4968852,127.0711666,서울 강남구 대치동 514-3,1번 출입구 주변 역무실 주변
대청역,37.49370832,127.0795281,서울 강남구 일원동 700-9,3번 출입구 주변 게이트 주변　
일원역,37.48398867,127.0841298,서울 강남구 일원동 717,4번 출입구에서 5번 출입구 가는 통로 내부
수서역,37.48549613,127.1043706,서울 강남구 수서동 214-16,3번 출입구 게이트 주변
가락시장역,37.49309925,127.1182627,서울 송파구 가락동 184-23,7번 출입구 화장실 주변
경찰병원역,37.49600492,127.1244824,서울 송파구 가락동 10-15,2번 출입구 화장실 주변
오금역,37.50213886,127.1279532,서울 송파구 오금동 44-2,2번 출입구 주변
당고개역,37.67021774,127.0790666,서울 노원구 상계동 111,지상2층 게이트 주변
상계역,37.66072054,127.0734216,서울 노원구 상계동 156-203,지상2층 복도사이
노원역,37.65634035,127.0634491,서울 노원구 상계동 602-5,지상2층 복도사이
창동역,37.65333851,127.047645,서울 도봉구 창동 135-1,2번 출입구 주변
쌍문역,37.64854261,127.0346561,서울 도봉구 창동 703-4,1번 출입구 주변
수유역,37.63788539,127.0255091,서울 강북구 수유동 140,"5,6번 출입구 주변"
미아역,37.62665449,127.0260411,서울 강북구 미아동 194-1,"3,4,5,6번 출입구 게이트 주변"
미아사거리역,37.61327836,127.0300866,서울 강북구 미아동 66-1,롯데몰  환승통로
미아사거리역,37.61327836,127.0300866,서울 강북구 미아동 66-1,5번 출입구 게이트주변
길음역,37.60339478,127.0250602,서울 성북구 길음동 877-66,10번 출입구 게이트주변
성신여대입구역,37.59296813,127.0171261,서울 성북구 동선동4가 1,우이신설  환승통로 주변 벽면
성신여대입구역,37.59296813,127.0171261,서울 성북구 동선동4가 1,7번 출입구 주변
한성대입구역,37.58842461,127.0060178,서울 성북구 삼선동1가 14,5번 출입구 게이트 주변
혜화역,37.58204392,127.001945,서울 종로구 명륜4가 96-5,지하 1층 화장실 주변
혜화역,37.58204392,127.001945,서울 종로구 명륜4가 96-5,4번 출입구 주변
혜화역,37.58204392,127.001945,서울 종로구 명륜4가 96-5,4번 출입구 주변
혜화역,37.58204392,127.001945,서울 종로구 명륜4가 96-5,4번 출입구 주변
동대문역,37.57166941,127.0106338,서울 종로구 창신동 492-1,8번 출입구 주변
동대문역,37.57166941,127.0106338,서울 종로구 창신동 492-1,9번 출입구 아이센터(i센터) 주변
동대문역사문화공원역,37.56566441,127.0090042,서울 중구 을지로7가 112-3,4호선 게이트 화장실 주변
충무로역,37.56139658,126.9941496,서울 중구 필동2가 16-2,"1,2,8번 출입구 주변"
충무로역,37.56139658,126.9941496,서울 중구 필동2가 16-2,"3,4번 출입구 주변"
명동역,37.56096527,126.9864024,서울 중구 충무로2가 109-2,1번 출입구 주변
명동역,37.56096527,126.9864024,서울 중구 충무로2가 109-2,4번 출입구 게이트 내부
명동역,37.56096527,126.9864024,서울 중구 충무로2가 109-2,4번 출입구 게이트 내부
명동역,37.56096527,126.9864024,서울 중구 충무로2가 109-2,4번 출입구 게이트 내부
회현역,37.55876115,126.9784373,서울 중구 남창동 64-1,"3,4,5번 출입구 게이트 내부 지하2층 상가 주변"
회현역,37.55876115,126.9784373,서울 중구 남창동 64-1,"1,2,6,7번 출입구 게이트 내부"
서울역,37.55406889,126.9707034,서울 중구 봉래동2가 122-11,"11,14번 출입구 주변"
숙대입구역,37.54459523,126.9721181,서울 용산구 갈월동 16-7,"5,6,7,8번 출입구 주변"
삼각지역,37.53443934,126.972923,서울 용산구 한강로1가 228-1,"1,2,5,6번 출입구 주변"
신용산역,37.52925915,126.967965,서울 용산구 한강로2가 181,"1,5,6번 출입구 게이트 주변"
이촌역,37.52241291,126.9735438,서울 용산구 이촌동 17-69,1번 출입구 게이트 주변
동작역,37.50274411,126.9785461,서울 동작구 동작동 326,1번 출입구 게이트 주변
총신대입구역,37.4867996,126.9822119,서울 동작구 사당동 736-1,2번 출입구 주변
총신대입구역,37.4867996,126.9822119,서울 동작구 사당동 736-1,14번 출입구 게이트 주변
사당역,37.47656223,126.9815586,서울 동작구 사당동 1129,"지하 1층 11,12번 출입구에서 3,4번 출입구 가는 통로"
사당역,37.47656223,126.9815586,서울 동작구 사당동 1129,지하 1층 12번 출입구 주변
남태령역,37.46424996,126.9890853,서울 서초구 방배동 2909,"지하 1층 1번 출입구에서 2,3번 출구 가는 통로"
방화역,37.5776032,126.8128193,서울 강서구 방화동 829-15,"방화역 B1층 3,4번 출구 방면"
개화산역,37.57253715,126.8068143,서울 강서구 방화동 846,개화산역 B1층 게이트 우측 E/V 옆(2번출구) 
김포공항역,37.56196757,126.8019136,서울 강서구 방화동 886,김포공항역 B2층 국내선 방면 무빙워크옆
송정역,37.56116124,126.8124303,서울 강서구 공항동 29-5,"송정역 B2층 1,4번 출구 사이"
마곡역,37.56022864,126.8246969,서울 강서구 마곡동 769-3,마곡역 B1층 환기실 우측(2번출구)
발산역,37.55867774,126.8377364,서울 강서구 마곡동 727-1496,발산역 B1층 9번 출구 방면
우장산역,37.54881619,126.8363263,서울 강서구 화곡동 1089-3,"우장산역 B1층 3,4번 출구 방면"
화곡역,37.54165079,126.840455,서울 강서구 화곡동 1089-54,"화곡역 B1층 3,4번 출구 방면 "
까치산역,37.53223067,126.8464443,서울 강서구 화곡동 662-5,까치산역 B1층 4번 출구 방면
신정역,37.52502761,126.8560975,서울 양천구 신정동 1090,"2,3번 출입구 내부(역무실 주변)"
목동역,37.52613512,126.8646253,서울 양천구 목동 926-3,목동역 B1층 2번 출구 방면
오목교역,37.52453408,126.8753073,서울 양천구 목동 406-30,오목교역 B1층 7번 출구 방면(IBK현금지급기 옆)
오목교역,37.52453408,126.8753073,서울 양천구 목동 406-30,"오목교역 B2층 게이트, 도서 대여기 옆"
양평역,37.52557964,126.8864193,서울 영등포구 양평동2가 33-79,"양평역 B1층 엘리베이터(E/V)주변(1,2번출구)"
영등포구청역,37.52583053,126.8966774,서울 영등포구 당산동3가 270-1,"영등포구청역 B4층 게이트 주변(6,7번출구)"
영등포시장역,37.52270938,126.9051796,서울 영등포구 영등포동5가 62-1,영등포시장역 B2층 편의점(7-ELEVEN) 옆(1~4번출구) 
신길역,37.51678703,126.9183672,서울 영등포구 신길동 41-1,신길역 B3층 게이트 주변(3번출구)
여의도역,37.52177539,126.924398,서울 영등포구 여의도동 3,여의도역 B1층 6번 출구 방면
여의나루역,37.52714695,126.932986,서울 영등포구 여의도동 84-4,"여의나루역 B1층 1, 4번 출구 방면 (현금지급기 옆)"
여의나루역,37.52714695,126.932986,서울 영등포구 여의도동 84-4,"여의나루역 B1층 2, 3번 출구 방면"
마포역,37.53955403,126.9458626,서울 마포구 도화동 160,"마포역 B1층 3, 4번 출구 방면 (조명광고 옆)"
공덕역,37.54454169,126.9514512,서울 마포구 공덕동 423-29,공덕역 B1층 2번 5번 출구 방면
애오개역,37.55341315,126.9566694,서울 마포구 아현동 612,"애오개역 B1층 화장실 주변(2번출구,E/V 주변)"
충정로역,37.55976329,126.9644921,서울 서대문구 충정로3가 319-1,"충정로역 B1층 화장실 주변(8,9번출구)"
서대문역,37.56575194,126.9666376,서울 종로구 평동 210,"서대문역 B1층 4, 5번 출구 방면 (상가 맞은편)"
광화문역,37.57164861,126.9764243,서울 종로구 세종로 1-68,광화문역 B1층 2번 출구 방면 (통로)
광화문역,37.57164861,126.9764243,서울 종로구 세종로 1-68,"광화문역 B2층 고객상담실 앞(1,8번출구)"
광화문역,37.57164861,126.9764243,서울 종로구 세종로 1-68,광화문역 B1층 2번출구 방면
종로3가역,37.57042084,126.9921533,서울 종로구 종로3가 10-5,"종로3가역 B1층 4, 5번 출구 방면 (게이트 주변)"
을지로4가역,37.5666405,126.9976321,서울 중구 을지로4가 267-1,"을지로4가역 B1층 편의점(7-ELEVEN) 주변(1,2번출구)"
동대문역사문화공원역,37.56566441,127.0090042,서울 중구 을지로7가 112-3,"동대문역사문화공원역 B2층 게이트 주변(6,7번출구)"
청구역,37.56091655,127.0141658,서울 중구 신당동 295-2,"청구역 B1층 2, 3번 출구 방면"
신금호역,37.55447619,127.0204932,서울 성동구 금호동2가 223-1,신금호역 B1층 E/V 기계실 주변
행당역,37.55736378,127.0295118,서울 성동구 행당동 317-241,행당역 B3층 화장실 주변
왕십리역,37.56126836,127.0371034,서울 성동구 행당동 192,"왕십리역 B1층 4, 5번 출구 방면"
왕십리역,37.56126836,127.0371034,서울 성동구 행당동 192,6번출구 방향
마장역,37.56613896,127.0429849,서울 성동구 마장동 804,마장역 B1층 편의점(7-ELEVEN) 주변
답십리역,37.56697481,127.0525613,서울 성동구 용답동 99,답십리역 B2층 게이트 주변
장한평역,37.56160389,127.0637037,서울 동대문구 장안동 472-3,장한평역 B1층 화장실 주변
군자역,37.55715149,127.0795106,서울 광진구 능동 275-5,"군자역 B1층 5, 6번 출구 방면"
아차산역,37.55224917,127.089565,서울 광진구 능동 256-16,아차산역 B1층  화장실 주변
광나루역,37.54529917,127.1035215,서울 광진구 광장동 237,"광나루역 B1층 3, 4번 출구 방면"
천호역,37.53851121,127.1239285,서울 강동구 천호동 455,천호역 B1층 3번출구 방면
천호역,37.53851121,127.1239285,서울 강동구 천호동 455,천호역 B1층 상가 현금지급기 주변
강동역,37.53588191,127.1323963,서울 강동구 천호동 447,강동역 B1층 화장실 주변
길동역,37.53782649,127.1400213,서울 강동구 길동 378,길동역 B1층 연결통로
굽은다리역,37.54551759,127.1428839,서울 강동구 명일동 345-12,"굽은다리역 B1층 1, 2번 출구 방면"
명일역,37.5513979,127.1440437,서울 강동구 명일동 303-1,명일역 B1층 3번 출구 방면
고덕역,37.55504767,127.154165,서울 강동구 고덕동 310,고덕역 B1층 E/V 주변
상일동역,37.55667788,127.1659058,서울 강동구 상일동 148,"상일동역 B1층 3,4,5,6번 출구 방면"
둔촌동역,37.52765684,127.1362146,서울 강동구 둔촌동 416,둔촌동역 B1층 편의점(7-ELEVEN) 주변
올림픽공원역,37.51633899,127.1309637,서울 송파구 방이동 89-28,"1,2번 출구 주변 지하 1층"
방이역,37.50875063,127.126096,서울 송파구 방이동 217-2,방이역 B1층 1번 출구 방면 (판매기실 옆)
개롱역,37.49796828,127.1350796,서울 송파구 가락동 165-2,"개롱역 B1층 1, 4번 출구 방면"
거여역,37.49333045,127.1437738,서울 송파구 거여동 20-14,거여역 B2층  2번 출구 방면 (창고 옆)
마천역,37.49503816,127.1528599,서울 송파구 마천동 307-4,마천역 B1층 만남의 광장 주변(1번출구 근처)
응암역,37.59849286,126.9155399,서울 은평구 신사동 22-15,"응암역 중층 1, 2번 출구 방면"
역촌역,37.60622746,126.9228437,서울 은평구 녹번동 153-31,역촌역 B1층 3번 출구 방면
불광역,37.6100478,126.9303158,서울 은평구 대조동 13-10,불광역 중층 9번 출구 방면 (3호선 연결통로)
독바위역,37.61841416,126.9330537,서울 은평구 불광동 13-33,독바위역 B3층 고객상담실 주변
구산역,37.61124669,126.9172595,서울 은평구 구산동 1,구산역 B1층 3번 출구 방면
새절역,37.59086005,126.9135807,서울 은평구 신사동 337-5,새절역 B1층 4번 출구 방면
증산역,37.58374635,126.909495,서울 은평구 증산동 199-8,"증산역 B1층 3,4번 출구 방면 "
디지털미디어시티역,37.57601375,126.9012778,서울 은평구 증산동 223-25,"디지털미디어시티역 B1층 1, 5번 출구 방면 (통로)"
월드컵경기장역,37.56963557,126.8990981,서울 마포구 성산동 420,월드컵경기장역 B1층 2번 출구 방면 (화장실 주변)
마포구청역,37.56348719,126.9034256,서울 마포구 성산동 592,"마포구청역 B2층 1,2,8번출구 방면(화장실 주변)"
망원역,37.55608266,126.9100943,서울 마포구 망원동 378,망원역 B1층 1번 출구 방면 (화장실 주변)
합정역,37.54991316,126.9144541,서울 마포구 서교동 393,"합정역 B1층 5, 6번 출구 방면 (즉석사진기 주변)"
상수역,37.54776618,126.9224299,서울 마포구 상수동 309-10,상수역 B2층 게이트 주변 (휴게공간)
광흥창역,37.54748648,126.9320297,서울 마포구 창전동 145-17,"광흥창역 B1층 1, 2번 출구 방면 (만남의 광장)"
대흥역,37.54764791,126.9424732,서울 마포구 대흥동 128-1,대흥역 B2층 만남의 광장 주변
공덕역,37.54454169,126.9514512,서울 마포구 공덕동 423-29,"공덕역 B1층 6, 7번 출구 방면 공덕역"
효창공원앞역,37.53930875,126.9613981,서울 용산구 효창동 80,효창공원앞역 B1층 1번 출구 방면 
삼각지역,37.53443934,126.972923,서울 용산구 한강로1가 228-1,"삼각지역 B1층 7, 8번 출구 방면(화장실 주변)"
녹사평역,37.5347228,126.9865497,서울 용산구 용산동4가 4,녹사평역 B1층 E/V 주변 (편의점 (7-ELEVEN) 주변)
이태원역,37.53452521,126.9943339,서울 용산구 이태원동 119-23,이태원역 B1층 화장실 주변
이태원역,37.53452521,126.9943339,서울 용산구 이태원동 119-23,이태원역 B1층 화장실 앞
한강진역,37.53979077,127.0017651,서울 용산구 한남동 726-494,한강진역 중층 1번 출구 방면
버티고개역,37.54782751,127.0067309,서울 중구 신당동 366-454,버티고개역 B1층 2번 출구 방면 (화장실 주변)
약수역,37.5545054,127.0108917,서울 중구 신당동 369-44,약수역 B1층 9번 출구 방면
신당역,37.56567305,127.0194775,서울 중구 신당동 99,"신당역 B1층 11, 12번 출구 방면"
동묘앞역,37.57321666,127.0163642,서울 종로구 숭인동 117,"동묘앞역 B1층 4, 7번 출구 방면"
창신역,37.57941474,127.0152969,서울 종로구 창신동 20-8,창신역 B1층 4번 출구 방면 
보문역,37.5855417,127.0200035,서울 성북구 보문동1가 127-1,보문역 B1층 5~8번 출구 방면 
안암역,37.58630742,127.0292334,서울 성북구 안암동5가 146-1,"안암역 B1층 3, 4번 출구 방면"
고려대역,37.59044191,127.0363083,서울 성북구 종암동 29-18,"고려대역 B1층 5, 6번 출구 방면 (자전거 보관함 주변)"
월곡역,37.60180442,127.0414607,서울 성북구 하월곡동 35-1,월곡역 B1층 화장실 주변
상월곡역,37.60655883,127.0488292,서울 성북구 상월곡동 26-1,"상월곡역 B2층 1, 4번 출구 방면(화장실 주변)"
돌곶이역,37.61054501,127.0564381,서울 성북구 석관동 349-8,돌곶이역 B1층 5~8번 출구 방면 (화장실 주변)
석계역,37.61500553,127.0656895,서울 노원구 월계동 36-4,"석계역 B1층 2, 3번 출구 방면"
화랑대역,37.61984246,127.0835418,서울 노원구 공릉동 285-2,화랑대역 B1층 1~4번 출구 방면(자전거보관함 주변)
봉화산역,37.61735084,127.0913601,서울 중랑구 신내동 643-1,봉화산역 B1층 3번 출구 방면
도봉산역,37.68951168,127.0460627,서울 도봉구 도봉동 301-5,도봉산역 2번 출구 방면 (출입구 주변)
수락산역,37.67788147,127.055351,서울 노원구 상계동 1132-9,"수락산역 B2층 5, 6번 방면 (편의점(GS25) 주변)"
마들역,37.66520175,127.0577126,서울 노원구 상계동 650,"마들역 B1층 4, 5번 출구 방면"
노원역,37.65634035,127.0634491,서울 노원구 상계동 602-5,노원역 B1층 5~7번 출구 방면(E/V 주변)
중계역,37.64509212,127.0641104,서울 노원구 중계동 503-3,"중계역 B1층 1, 2번 출구 방면"
하계역,37.63647654,127.0679913,서울 노원구 하계동 273-5,하계역 B1층 2~5번 출구 (화장실 주변)
공릉역,37.62554276,127.0730336,서울 노원구 공릉동 385-4,공릉역 B1층 1~4번 출구 (화장실 주변)
태릉입구역,37.61845951,127.0754053,서울 노원구 공릉동 616-4,"태릉입구역 B3층 3, 4번 출구 방면 (E/S, E/V 주변)"
먹골역,37.61061938,127.0777622,서울 중랑구 묵동 189-5,"먹골역 B1층 1, 2번 출구 방면 (화장실 주변)"
중화역,37.60255269,127.079312,서울 중랑구 중화동 50-3,"중화역 B1층 1, 4번 출구 방면 (만남의 광장 주변)"
상봉역,37.59690265,127.0856575,서울 중랑구 상봉동 100-9,"상봉역 B1층 1, 2, 5, 6번 출구 방면"
면목역,37.58871489,127.0875038,서울 중랑구 면목동 282-6,면목역 B1층 1번 출구 방면(쉼터 주변)
사가정역,37.58094038,127.0885046,서울 중랑구 면목동 495,"사가정역 B1층3, 4번 출구 방면 (게이트 주변)"
용마산역,37.57366797,127.0867198,서울 중랑구 면목동 1316-5,"용마산역 B1층 만남의 광장 (편의점(GS25) 주변, 게이트 정면)"
중곡역,37.56592206,127.0843124,서울 광진구 중곡동 273-2,중곡역 B2층 게이트 주변
어린이대공원역,37.54796088,127.0746553,서울 광진구 화양동 164-1,"어린이대공원역 B1층 1, 6번 출구 방면"
건대입구역,37.54040752,127.0692029,서울 광진구 화양동 7-3,건대입구역 B2층 3번 출구 방면(편의점(GS25) 주변)
건대입구역,37.54040752,127.0692029,서울 광진구 화양동 7-3,"건대입구역 2층 환승(2→7)통로 (운임지역 내, 2번 출구)"
뚝섬유원지역,37.53155928,127.0667951,서울 광진구 자양동 73-2,"뚝섬유원지역 2층 2, 3번 출구 방면 (게이트 정면)"
청담역,37.51945558,127.0537179,서울 강남구 청담동 77-76,청담역  B3층 12번 출구 방면 (편의점(GS25) 주변)
청담역,37.51945558,127.0537179,서울 강남구 청담동 77-76,"청담역 B3층 6~9번 방면 (쉼터, 화장품 및 편의점 주변)"
강남구청역,37.51721617,127.0413109,서울 강남구 삼성동 111-44,강남구청역 B2층 화장실 주변
학동역,37.51434579,127.0319019,서울 강남구 논현동 279-67,"학동역 B2층 1, 2번 출구 화장실 주변"
논현역,37.5112,127.0216542,서울 강남구 논현동 279-67,논현역 B1층 7~8번 출구 방면 (편의점(GS25) 주변)
반포역,37.50816143,127.0115862,서울 서초구 잠원동 103,"반포역 B1층 1, 2번 출구 방면"
고속터미널역,37.50454886,127.005121,서울 서초구 반포동 19-11,고속터미널역 B1층 3번 출구 방면 (화장실 주변)
내방역,37.48765852,126.9936002,서울 서초구 방배동 874-16,내방역 B1층 대합실 (편의점(GS25) 주변)
이수역,37.4867996,126.9822119,서울 동작구 사당동 736-1,"이수역 B1층 5, 6번 출구 방면 (공연무대 주변)"
남성역,37.48479351,126.9709102,서울 동작구 사당동 산 25-33,남성역 B1층 2번 출구 방면
숭실대입구역,37.49631728,126.953622,서울 동작구 상도동 514,"숭실대입구역 B1층 1, 2번 출구 방면 (편의점(GS25) 주변)"
상도역,37.50287063,126.947918,서울 동작구 상도1동 702-1,상도역 B1층 1~5번 출구 방면 (B2층 계단 주변)
장승배기역,37.50489906,126.9390724,서울 동작구 상도동 26-20,"장승배기역 B1층 1, 2번 출구 방면"
신대방삼거리역,37.49975723,126.9282109,서울 동작구 대방동 406-10,신대방삼거리역 B2층 화장실 주변
보라매역,37.49992085,126.9206123,서울 동작구 대방동 466-51,보라매역 B1층 4번 출구 방면
신풍역,37.50012299,126.9097543,서울 영등포구 신길동 3599,"신풍역 B1층 2, 3번 출구 방면"
대림역,37.49330994,126.894931,서울 구로구 구로동 1204,"대림역 B1층 게이트 주변 (9, 10번 출구)"
남구로역,37.48625714,126.8874151,서울 구로구 구로동 801-95,남구로역 B1층 게이트 주변 (2~5번 출구)
가산디지털단지역,37.48039597,126.8826618,서울 금천구 가산동 468-4,가산디지털역 B1층 화장실 주변 (2~4번 출구)
암사역,37.55015818,127.1275407,서울 강동구 암사동 501,암사역 B1층 4번 출구 방면
강동구청역,37.5302112,127.1204437,서울 강동구 성내동 319,강동구청역 B1층 1~5번 출구 방면 (편의점(7-ELEVEN) 주변)
몽촌토성역,37.51780558,127.1128653,서울 송파구 신천동 19,몽촌토성역 B1층 1~5번 출구 방면 (편의점(7-ELEVEN) 주변)
잠실역,37.51331106,127.100231,서울 송파구 신천동 8,"잠실역 B1층 10, 11번 출구 방면 (통로)"
석촌역,37.50541412,127.1070041,서울 송파구 석촌동 209,"석촌역 B1층 7, 8번 출구 방면 (편의점(7-ELEVEN) 주변)"
송파역,37.49971495,127.1121935,서울 송파구 가락동 459-4,송파역 B1층 화장실 주변
가락시장역,37.49309925,127.1182627,서울 송파구 가락동 184-23,가락시장역 B1층 아기사랑방 주변 (1번 출구)
문정역,37.48603105,127.1224849,서울 송파구 문정동 119-4,"문정역 B1층 3, 4번 출구 방면"
장지역,37.47863169,127.1261766,서울 송파구 장지동 201-5,장지역 B1층 3번 출구 방면 (화장실 주변)
복정역,37.47074367,127.1267218,서울 송파구 장지동 596-21,"복정역 B1층 1, 2번 출구 방면"
석촌고분역,37.50246246,127.0965082,서울 송파구 삼전동 157-1,1번 출입구 방향
석촌역,37.50541412,127.1070041,서울 송파구 석촌동 209,"5,6번 출입구 방향"
송파나루역,37.51101671,127.1126617,서울 송파구 방이동 2,지하1층  상가 맞은편
한성백제역,37.51653799,127.1164492,서울 송파구 방이동 88-17,2번 출입구 방향 복도
올림픽공원역,37.51633899,127.1309637,서울 송파구 방이동 89-28,3번 출입구 상가 주변
둔촌오륜역,37.51940804,127.1386521,서울 강동구 둔촌동 227-7,"1,2번 출입구 복도"
중앙보훈병원역,37.52840259,127.1484117,서울 강동구 둔촌동 8-1,3번 출입구 주변
